row,serial_char,keylog_key
0,F,N
1,H,D
2,B,F
3,U,H
4,R,B
5,G,U
6,E,R
7,N,G
8,L,E
9,A,N
10,N,L
11,D,A
12,F,N
13,H,D
14,B,F
15,U,H
16,R,B
17,G,U
18,E,R
19,N,G
20,L,E
21,A,N
22,N,L
23,D,A
24,F,N
25,H,D
26,B,F
27,U,H
28,R,B
29,G,U
30,E,R
31,N,G
32,L,E
33,A,N
34,N,L
35,D,A
36,F,N
37,H,D
38,B,F
39,U,H
40,R,B
41,G,U
42,E,R
43,N,G
44,L,E
45,A,N
46,N,L
47,D,A
48,F,N
49,H,D
50,B,F
51,U,H
52,R,B
53,G,U
54,E,R
55,N,G
56,L,E
57,A,N
58,N,L
59,D,A
60,F,N
61,H,D
62,B,F
63,U,H
64,R,B
65,G,U
66,E,R
67,N,G
68,L,E
69,A,N
70,N,L
71,D,A
72,F,N
73,H,D
74,B,F
75,U,H
76,R,B
77,G,U
78,E,R
79,N,G
80,L,E
81,A,N
82,N,L
83,D,A
84,F,N
85,H,D
86,B,F
87,U,H
88,R,B
89,G,U
90,E,R
91,N,G
92,L,E
93,A,N
94,N,L
95,D,A
96,F,N
97,H,D
98,B,F
99,U,H
100,R,B
101,G,U
102,E,R
103,N,G
104,L,E
105,A,N
106,N,L
107,D,A
108,F,N
109,H,D
110,B,F
111,U,H
112,R,B
113,G,U
114,E,R
115,N,G
116,L,E
117,A,N
118,N,L
119,D,A
120,F,N
121,H,D
122,B,F
123,U,H
124,R,B
125,G,U
126,E,R
127,N,G
128,L,E
129,A,N
130,N,L
131,D,A
132,F,N
133,H,D
134,B,F
135,U,H
136,R,B
137,G,U
138,E,R
139,N,G
140,L,E
141,A,N
142,N,L
143,D,A
144,F,N
145,H,D
146,B,F
147,U,H
148,R,B
149,G,U
150,E,R
151,N,G
152,L,E
153,A,N
154,N,L
155,D,A
156,F,N
157,H,D
158,B,F
159,U,H
160,R,B
161,G,U
162,E,R
163,N,G
164,L,E
165,A,N
166,N,L
167,D,A
168,F,N
169,H,D
170,B,F
171,U,H
172,R,B
173,G,U
174,E,R
175,N,G
176,L,E
177,A,N
178,N,L
179,D,A
180,F,N
181,H,D
182,B,F
183,U,H
184,R,B
185,G,U
186,E,R
187,N,G
188,L,E
189,A,N
190,N,L
191,D,A
192,F,N
193,H,D
194,B,F
195,U,H
196,R,B
197,G,U
198,E,R
199,N,G
200,L,E
201,A,N
202,N,L
203,D,A
204,F,N
205,H,D
206,B,F
207,U,H
208,R,B
209,G,U
210,E,R
211,N,G
212,L,E
213,A,N
214,N,L
215,D,A
216,F,N
217,H,D
218,B,F
219,U,H
220,R,B
221,G,U
222,E,R
223,N,G
9418,N,D
9419,D,F
9420,F,H
9421,H,B
9422,B,U
9423,U,R
9424,R,G
9425,G,E
9426,E,N
9427,N,L
9428,L,A
9429,A,N
9430,N,D
9431,D,F
9432,F,H
9433,H,B
9434,B,U
9435,U,R
9436,R,G
9437,G,E
9438,E,N
9439,N,L
9440,L,A
9441,A,N
9442,N,D
9443,D,F
9444,F,H
9445,H,B
9446,B,U
9447,U,R
9448,R,G
9449,G,E
9450,E,N
9451,N,L
9452,L,A
9453,A,N
9454,N,D
9455,D,F
9456,F,H
9457,H,B
9458,B,U
9459,U,R
9460,R,G
9461,G,E
9462,E,N
9463,N,L
9464,L,A
9465,A,N
9466,N,D
9467,D,F
9468,F,H
9469,H,B
9470,B,U
9471,U,R
9472,R,G
9473,G,E
9474,E,N
9475,N,L
9476,L,A
9477,A,N
9478,N,D
9479,D,F
9480,F,H
9481,H,B
9482,B,U
9483,U,R
9484,R,G
9485,G,E
9486,E,N
9487,N,L
9488,L,A
9489,A,N
9490,N,D
9491,D,F
9492,F,H
9493,H,B
9494,B,U
9495,U,R
9496,R,G
9497,G,E
9498,E,N
9499,N,L
9500,L,A
9501,A,N
9502,N,D
9503,D,F
9504,F,H
9505,H,B
9506,B,U
9507,U,R
9508,R,G
9509,G,E
9510,E,N
9511,N,L
9512,L,A
9513,A,N
9514,N,D
9515,D,F
9516,F,H
9517,H,B
9518,B,U
9519,U,R
9520,R,G
9521,G,E
9522,E,N
9523,N,L
9524,L,A
9525,A,N
9526,N,D
9527,D,F
9528,F,H
9529,H,B
9530,B,U
9531,U,R
9532,R,G
9533,G,E
9534,E,N
9535,N,L
9536,L,A
9537,A,N
9538,N,D
9539,D,F
9540,F,H
9541,H,B
9542,B,U
9543,U,R
9544,R,G
9545,G,E
9546,E,N
9547,N,L
9548,L,A
9549,A,N
9550,N,D
9551,D,F
9552,F,H
9553,H,B
9554,B,U
9555,U,R
9556,R,G
9557,G,E
9558,E,N
9559,N,L
9560,L,A
9561,A,N
9562,N,D
9563,D,F
9564,F,H
9565,H,B
9566,B,U
9567,U,R
9568,R,G
9569,G,E
9570,E,N
9571,N,L
9572,L,A
9573,A,N
9574,N,D
9575,D,F
9576,F,H
9577,H,B
9578,B,U
9579,U,R
9580,R,G
9581,G,E
9582,E,N
9583,N,L
9584,L,A
9585,A,N
9586,N,D
9587,D,F
9588,F,H
9589,H,B
9590,B,U
9591,U,R
9592,R,G
9593,G,E
9594,E,N
9595,N,L
9596,L,A
9597,A,N
9598,N,D
9599,D,F
9600,F,H
9601,H,B
9602,B,U
9603,U,R
9604,R,G
9605,G,E
9606,E,N
9607,N,L
9608,L,A
9609,A,N
9610,N,D
9611,D,F
9612,F,H
9613,H,B
9614,B,U
9615,U,R
9616,R,G
9617,G,E
9618,E,N
9619,N,L
9620,L,A
9621,A,N
9622,N,D
9623,D,F
9624,F,H
9625,H,B
9626,B,U
9627,U,R
9628,R,G
9629,G,E
9630,E,N
9631,N,L
9632,L,A
9633,A,N
9634,N,D
9635,D,F
9636,F,H
9637,H,B
9638,B,U
9639,U,R
9640,R,G
9641,G,E
9642,E,N
9643,N,L
9644,L,A
9645,A,N
9646,N,D
9647,D,F
9648,F,H
9649,H,B
9650,B,U
9651,U,R
9652,R,G
9653,G,E
9654,E,N
9655,N,L
9656,L,A
9657,A,N
9658,N,D
9659,D,F
9660,F,H
9661,H,B
9662,B,U
9663,U,R
9664,R,G
9665,G,E
9666,E,N
9667,N,L
9668,L,A
9669,A,N
9670,N,D
9671,D,F
9672,F,H
9673,H,B
9674,B,U
9675,U,R
9676,R,G
9677,G,E
9678,E,N
9679,N,L
9680,L,A
9681,A,N
9682,N,D
9683,D,F
9684,F,H
9685,H,B
9686,B,U
9687,U,R
9688,R,G
9689,G,E
9690,E,N
9691,N,L
9692,L,A
9693,A,N
9694,N,D
9695,D,F
9696,F,H
9697,H,B
9698,B,U
9699,U,R
9700,R,G
9701,G,E
9702,E,N
9703,N,L
9704,L,A
9705,A,N
9706,N,D
9707,D,F
9708,F,H
9709,H,B
9710,B,U
9711,U,R
9712,R,G
9713,G,E
9714,E,N
9715,N,L
9716,L,A
9717,A,N
9718,N,D
9719,D,F
9720,F,H
9721,H,B
9722,B,U
9723,U,R
9724,R,G
9725,G,E
9726,E,N
9727,N,L
9728,L,A
9729,A,N
9730,N,D
9731,D,F
9732,F,H
9733,H,B
9734,B,U
9735,U,R
9736,R,G
9737,G,E
9738,E,N
9739,N,L
9740,L,A
9741,A,N
9742,N,D
9743,D,F
9744,F,H
9745,H,B
9746,B,U
9747,U,R
9748,R,G
9749,G,E
9750,E,N
9751,N,L
9752,L,A
9753,A,N
9754,N,D
9755,D,F
9756,F,H
9757,H,B
9758,B,U
9759,U,R
9760,R,G
9761,G,E
9762,E,N
9763,N,L
9764,L,A
9765,A,N
9766,N,D
9767,D,F
9768,F,H
9769,H,B
9770,B,U
9771,U,R
9772,R,G
9773,G,E
9774,E,N
9775,N,L
9776,L,A
9777,A,N
9778,N,D
9779,D,F
9780,F,H
9781,H,B
9782,B,U
9783,U,R
9784,R,G
9785,G,E
9786,E,N
9787,N,L
9788,L,A
9789,A,N
9790,N,D
9791,D,F
9792,F,H
9793,H,B
9794,B,U
9795,U,R
9796,R,G
9797,G,E
9798,E,N
9799,N,L
9800,L,A
9801,A,N
9802,N,D
9803,D,F
9804,F,H
9805,H,B
9806,B,U
9807,U,R
9808,R,G
9809,G,E
9810,E,N
9811,N,L
9812,L,A
9813,A,N
9814,N,D
9815,D,F
9816,F,H
9817,H,B
9818,B,U
9819,U,R
9820,R,G
9821,G,E
9822,E,N
9823,N,L
9824,L,A
9825,A,N
9826,N,D
9827,D,F
9828,F,H
9829,H,B
9830,B,U
9831,U,R
9832,R,G
9833,G,E
9834,E,N
9835,N,L
9836,L,A
9837,A,N
9838,N,D
9839,D,F
9840,F,H
9841,H,B
9842,B,U
9843,U,R
9844,R,G
9845,G,E
9846,E,N
9847,N,L
9848,L,A
9849,A,N
9850,N,D
9851,D,F
9852,F,H
9853,H,B
9854,B,U
9855,U,R
9856,R,G
9857,G,E
9858,E,N
9859,N,L
9860,L,A
9861,A,N
9862,N,D
9863,D,F
9864,F,H
9865,H,B
9866,B,U
9867,U,R
9868,R,G
9869,G,E
9870,E,N
9871,N,L
9872,L,A
9873,A,N
9874,N,D
9875,D,F
9876,F,H
9877,H,B
9878,B,U
9879,U,R
9880,R,G
9881,G,E
9882,E,N
9883,N,L
9884,L,A
9885,A,N
9886,N,D
9887,D,F
9888,F,H
9889,H,B
9890,B,U
9891,U,R
9892,R,G
9893,G,E
9894,E,N
9895,N,L
9896,L,A
9897,A,N
9898,N,D
9899,D,F
9900,F,H
9901,H,B
9902,B,U
9903,U,R
9904,R,G
9905,G,E
9906,E,N
9907,N,L
9908,L,A
9909,A,N
9910,N,D
9911,D,F
9912,F,H
9913,H,B
9914,B,U
9915,U,R
9916,R,G
9917,G,E
9918,E,N
9919,N,L
9920,L,A
9921,A,N
9922,N,D
9923,D,F
9924,F,H
9925,H,B
9926,B,U
9927,U,R
9928,R,G
9929,G,E
9930,E,N
9931,N,L
9932,L,A
9933,A,N
9934,N,D
9935,D,F
9936,F,H
9937,H,B
9938,B,U
9939,U,R
9940,R,G
9941,G,E
9942,E,N
9943,N,L
9944,L,A
9945,A,N
9946,N,D
9947,D,F
9948,F,H
9949,H,B
9950,B,U
9951,U,R
9952,R,G
9953,G,E
9954,E,N
9955,N,L
9956,L,A
9957,A,N
9958,N,D
9959,D,F
9960,F,H
9961,H,B
9962,B,U
9963,U,R
9964,R,G
9965,G,E
9966,E,N
9967,N,L
9968,L,A
9969,A,N
9970,N,D
9971,D,F
9972,F,H
9973,H,B
9974,B,U
9975,U,R
9976,R,G
9977,G,E
9978,E,N
9979,N,L
9980,L,A
9981,A,N
9982,N,D
9983,D,F
9984,F,H
9985,H,B
9986,B,U
9987,U,R
9988,R,G
9989,G,E
9990,E,N
9991,N,L
9992,L,A
9993,A,N
9994,N,D
9995,D,F
9996,F,H
9997,H,B
9998,B,U
9999,U,R
10000,R,G
10001,G,E
10002,E,N
10003,N,L
10004,L,A
10005,A,N
10006,N,D
10007,D,F
10008,F,H
10009,H,B
10010,B,U
10011,U,R
10012,R,G
10013,G,E
10014,E,N
10015,N,L
10016,L,A
10017,A,N
10018,N,D
10019,D,F
10020,F,H
10021,H,B
10022,B,U
10023,U,R
10024,R,G
10025,G,E
10026,E,N
10027,N,L
10028,L,A
10029,A,N
10030,N,D
10031,D,F
10032,F,H
10033,H,B
10034,B,U
10035,U,R
10036,R,G
10037,G,E
10038,E,N
10039,N,L
10040,L,A
10041,A,N
10042,N,D
10043,D,F
10044,F,H
10045,H,B
10046,B,U
10047,U,R
10048,R,G
10049,G,E
10050,E,N
10051,N,L
10052,L,A
10053,A,N
10054,N,D
10055,D,F
10056,F,H
10057,H,B
10058,B,U
10059,U,R
10060,R,G
10061,G,E
10062,E,N
10063,N,L
10064,L,A
10065,A,N
10066,N,D
10067,D,F
10068,F,H
10069,H,B
10070,B,U
10071,U,R
10072,R,G
10073,G,E
10074,E,N
10075,N,L
10076,L,A
10077,A,N
10078,N,D
10079,D,F
10080,F,H
10081,H,B
10082,B,U
10083,U,R
10084,R,G
10085,G,E
10086,E,N
10087,N,L
10088,L,A
10089,A,N
10090,N,D
10091,D,F
10092,F,H
10093,H,B
10094,B,U
10095,U,R
10096,R,G
10097,G,E
10098,E,N
10099,N,L
10100,L,A
10101,A,N
10102,N,D
10103,D,F
10104,F,H
10105,H,B
10106,B,U
10107,U,R
10108,R,G
10109,G,E
10110,E,N
10111,N,L
10112,L,A
10113,A,N
10114,N,D
10115,D,F
10116,F,H
10117,H,B
10118,B,U
10119,U,R
10120,R,G
10121,G,E
10122,E,N
10123,N,L
10124,L,A
10125,A,N
10126,N,D
10127,D,F
10128,F,H
10129,H,B
10130,B,U
10131,U,R
10132,R,G
10133,G,E
10134,E,N
10135,N,L
10136,L,A
10137,A,N
10138,N,D
10139,D,F
10140,F,H
10141,H,B
10142,B,U
10143,U,R
10144,R,G
10145,G,E
10146,E,N
10147,N,L
10148,L,A
10149,A,N
10150,N,D
10151,D,F
10152,F,H
10153,H,B
10154,B,U
10155,U,R
10156,R,G
10157,G,E
10158,E,N
10159,N,L
10160,L,A
10161,A,N
10162,N,D
10163,D,F
10164,F,H
10165,H,B
10166,B,U
10167,U,R
10168,R,G
10169,G,E
10170,E,N
10171,N,L
10172,L,A
10173,A,N
10174,N,D
10175,D,F
10176,F,H
10177,H,B
10178,B,U
10179,U,R
10180,R,G
10181,G,E
10182,E,N
10183,N,L
10184,L,A
10185,A,N
10186,N,D
10187,D,F
10188,F,H
10189,H,B
10190,B,U
10191,U,R
10192,R,G
10193,G,E
10194,E,N
10195,N,L
10196,L,A
10197,A,N
10198,N,D
10199,D,F
10200,F,H
10201,H,B
10202,B,U
10203,U,R
10204,R,G
10205,G,E
10206,E,N
10207,N,L
10208,L,A
10209,A,N
10210,N,D
10211,D,F
10212,F,H
10213,H,B
10214,B,U
10215,U,R
10216,R,G
10217,G,E
10218,E,N
10219,N,L
10220,L,A
10221,A,N
10222,N,D
10223,D,F
10224,F,H
10225,H,B
10226,B,U
10227,U,R
10228,R,G
10229,G,E
10230,E,N
10231,N,L
10232,L,A
10233,A,N
10234,N,D
10235,D,F
10236,F,H
10237,H,B
10238,B,U
10239,U,R
10240,R,G
10241,G,E
10242,E,N
10243,N,L
10244,L,A
10245,A,N
10246,N,D
10247,D,F
10248,F,H
10249,H,B
10250,B,U
10251,U,R
10252,R,G
10253,G,E
10254,E,N
10255,N,L
10256,L,A
10257,A,N
10258,N,D
10259,D,F
10260,F,H
10261,H,B
10262,B,U
10263,U,R
10264,R,G
10265,G,E
10266,E,N
10267,N,L
10268,L,A
10269,A,N
10270,N,D
10271,D,F
10272,F,H
10273,H,B
10274,B,U
10275,U,R
10276,R,G
10277,G,E
10278,E,N
10279,N,L
10280,L,A
10281,A,N
10282,N,D
10283,D,F
10284,F,H
10285,H,B
10286,B,U
10287,U,R
10288,R,G
10289,G,E
10290,E,N
10291,N,L
10292,L,A
10293,A,N
10294,N,D
10295,D,F
10296,F,H
10297,H,B
10298,B,U
10299,U,R
10300,R,G
10301,G,E
10302,E,N
10303,N,L
10304,L,A
10305,A,N
10306,N,D
10307,D,F
10308,F,H
10309,H,B
10310,B,U
10311,U,R
10312,R,G
10313,G,E
10314,E,N
10315,N,L
10316,L,A
10317,A,N
10318,N,D
10319,D,F
10320,F,H
10321,H,B
10322,B,U
10323,U,R
10324,R,G
10325,G,E
10326,E,N
10327,N,L
10328,L,A
10329,A,N
10330,N,D
10331,D,F
10332,F,H
10333,H,B
10334,B,U
10335,U,R
10336,R,G
10337,G,E
10338,E,N
10339,N,L
10340,L,A
10341,A,N
10342,N,D
10343,D,F
10344,F,H
10345,H,B
10346,B,U
10347,U,R
10348,R,G
10349,G,E
10350,E,N
10351,N,L
10352,L,A
10353,A,N
10354,N,D
10355,D,F
10356,F,H
10357,H,B
10358,B,U
10359,U,R
10360,R,G
10361,G,E
10362,E,N
10363,N,L
10364,L,A
10365,A,N
10366,N,D
10367,D,F
10368,F,H
10369,H,B
10370,B,U
10371,U,R
10372,R,G
10373,G,E
10374,E,N
10375,N,L
10376,L,A
10377,A,N
10378,N,D
10379,D,F
10380,F,H
10381,H,B
10382,B,U
10383,U,R
10384,R,G
10385,G,E
10386,E,N
10387,N,L
10388,L,A
10389,A,N
10390,N,D
10391,D,F
10392,F,H
10393,H,B
10394,B,U
10395,U,R
10396,R,G
10397,G,E
10398,E,N
10399,N,L
10400,L,A
10401,A,N
10402,N,D
10403,D,F
10404,F,H
10405,H,B
10406,B,U
10407,U,R
10408,R,G
10409,G,E
10410,E,N
10411,N,L
10412,L,A
10413,A,N
10414,N,D
10415,D,F
10416,F,H
10417,H,B
10418,B,U
10419,U,R
10420,R,G
10421,G,E
10422,E,N
10423,N,L
10424,L,A
10425,A,N
10426,N,D
10427,D,F
10428,F,H
10429,H,B
10430,B,U
10431,U,R
10432,R,G
10433,G,E
10434,E,N
10435,N,L
10436,L,A
10437,A,N
10438,N,D
10439,D,F
10440,F,H
10441,H,B
10442,B,U
10443,U,R
10444,R,G
10445,G,E
10446,E,N
10447,N,L
10448,L,A
10449,A,N
10450,N,D
10451,D,F
10452,F,H
10453,H,B
10454,B,U
10455,U,R
10456,R,G
10457,G,E
10458,E,N
10459,N,L
10460,L,A
10461,A,N
10462,N,D
10463,D,F
10464,F,H
10465,H,B
10466,B,U
10467,U,R
10468,R,G
10469,G,E
10470,E,N
10471,N,L
10472,L,A
10473,A,N
10474,N,D
10475,D,F
10476,F,H
10477,H,B
10478,B,U
10479,U,R
10480,R,G
10481,G,E
10482,E,N
10483,N,L
10484,L,A
10485,A,N
10486,N,D
10487,D,F
10488,F,H
10489,H,B
10490,B,U
10491,U,R
10492,R,G
10493,G,E
10494,E,N
10495,N,L
10496,L,A
10497,A,N
10498,N,D
10499,D,F
10500,F,H
10501,H,B
10502,B,U
10503,U,R
10504,R,G
10505,G,E
10506,E,N
10507,N,L
10508,L,A
10509,A,N
10510,N,D
10511,D,F
10512,F,H
10513,H,B
10514,B,U
10515,U,R
10516,R,G
10517,G,E
10518,E,N
10519,N,L
10520,L,A
10521,A,N
10522,N,D
10523,D,F
10524,F,H
10525,H,B
10526,B,U
10527,U,R
10528,R,G
10529,G,E
10530,E,N
10531,N,L
10532,L,A
10533,A,N
10534,N,D
10535,D,F
10536,F,H
10537,H,B
10538,B,U
10539,U,R
10540,R,G
10541,G,E
10542,E,N
10543,N,L
10544,L,A
10545,A,N
10546,N,D
10547,D,F
10548,F,H
10549,H,B
10550,B,U
10551,U,R
10552,R,G
10553,G,E
10554,E,N
10555,N,L
10556,L,A
10557,A,N
10558,N,D
10559,D,F
10560,F,H
10561,H,B
10562,B,U
10563,U,R
10564,R,G
10565,G,E
10566,E,N
10567,N,L
10568,L,A
10569,A,N
10570,N,D
10571,D,F
10572,F,H
10573,H,B
10574,B,U
10575,U,R
10576,R,G
10577,G,E
10578,E,N
10579,N,L
10580,L,A
10581,A,N
10582,N,D
10583,D,F
10584,F,H
10585,H,B
10586,B,U
10587,U,R
10588,R,G
10589,G,E
10590,E,N
10591,N,L
10592,L,A
10593,A,N
10594,N,D
10595,D,F
10596,F,H
10597,H,B
10598,B,U
10599,U,R
10600,R,G
10601,G,E
10602,E,N
10603,N,L
10604,L,A
10605,A,N
10606,N,D
10607,D,F
10608,F,H
10609,H,B
10610,B,U
10611,U,R
10612,R,G
10613,G,E
10614,E,N
10615,N,L
10616,L,A
10617,A,N
10618,N,D
10619,D,F
10620,F,H
10621,H,B
10622,B,U
10623,U,R
10624,R,G
10625,G,E
10626,E,N
10627,N,L
10628,L,A
10629,A,N
10630,N,D
10631,D,F
10632,F,H
10633,H,B
10634,B,U
10635,U,R
10636,R,G
10637,G,E
10638,E,N
10639,N,L
10640,L,A
10641,A,N
10642,N,D
10643,D,F
10644,F,H
10645,H,B
10646,B,U
10647,U,R
10648,R,G
10649,G,E
10650,E,N
10651,N,L
10652,L,A
10653,A,N
10654,N,D
10655,D,F
10656,F,H
10657,H,B
10658,B,U
10659,U,R
10660,R,G
10661,G,E
10662,E,N
10663,N,L
10664,L,A
10665,A,N
10666,N,D
10667,D,F
10668,F,H
10669,H,B
10670,B,U
10671,U,R
10672,R,G
10673,G,E
10674,E,N
10675,N,L
10676,L,A
10677,A,N
10678,N,D
10679,D,F
10680,F,H
10681,H,B
10682,B,U
10683,U,R
10684,R,G
10685,G,E
10686,E,N
10687,N,L
10688,L,A
10689,A,N
10690,N,D
10691,D,F
10692,F,H
10693,H,B
10694,B,U
10695,U,R
10696,R,G
10697,G,E
10698,E,N
10699,N,L
10700,L,A
10701,A,N
10702,N,D
10703,D,F
10704,F,H
10705,H,B
10706,B,U
10707,U,R
10708,R,G
10709,G,E
10710,E,N
10711,N,L
10712,L,A
10713,A,N
10714,N,D
10715,D,F
10716,F,H
10717,H,B
10718,B,U
10719,U,R
10720,R,G
10721,G,E
10722,E,N
10723,N,L
10724,L,A
10725,A,N
10726,N,D
10727,D,F
10728,F,H
10729,H,B
10730,B,U
10731,U,R
10732,R,G
10733,G,E
10734,E,N
10735,N,L
10736,L,A
10737,A,N
10738,N,D
10739,D,F
10740,F,H
10741,H,B
10742,B,U
10743,U,R
10744,R,G
10745,G,E
10746,E,N
10747,N,L
10748,L,A
10749,A,N
10750,N,D
10751,D,F
10752,F,H
10753,H,B
10754,B,U
10755,U,R
10756,R,G
10757,G,E
10758,E,N
10759,N,L
10760,L,A
10761,A,N
10762,N,D
10763,D,F
10764,F,H
10765,H,B
10766,B,U
10767,U,R
10768,R,G
10769,G,E
10770,E,N
10771,N,L
10772,L,A
10773,A,N
10774,N,D
10775,D,F
10776,F,H
10777,H,B
10778,B,U
10779,U,R
10780,R,G
10781,G,E
10782,E,N
10783,N,L
10784,L,A
10785,A,N
10786,N,D
10787,D,F
10788,F,H
10789,H,B
10790,B,U
10791,U,R
10792,R,G
10793,G,E
10794,E,N
10795,N,L
10796,L,A
10797,A,N
10798,N,D
10799,D,F
10800,F,H
10801,H,B
10802,B,U
10803,U,R
10804,R,G
10805,G,E
10806,E,N
10807,N,L
10808,L,A
10809,A,N
10810,N,D
10811,D,F
10812,F,H
10813,H,B
10814,B,U
10815,U,R
10816,R,G
10817,G,E
10818,E,N
10819,N,L
10820,L,A
10821,A,N
10822,N,D
10823,D,F
10824,F,H
10825,H,B
10826,B,U
10827,U,R
10828,R,G
10829,G,E
10830,E,N
10831,N,L
10832,L,A
10833,A,N
10834,N,D
10835,D,F
10836,F,H
10837,H,B
10838,B,U
10839,U,R
10840,R,G
10841,G,E
10842,E,N
10843,N,L
10844,L,A
10845,A,N
10846,N,D
10847,D,F
10848,F,H
10849,H,B
10850,B,U
10851,U,R
10852,R,G
10853,G,E
10854,E,N
10855,N,L
10856,L,A
10857,A,N
10858,N,D
10859,D,F
10860,F,H
10861,H,B
10862,B,U
10863,U,R
10864,R,G
10865,G,E
10866,E,N
10867,N,L
10868,L,A
10869,A,N
10870,N,D
10871,D,F
10872,F,H
10873,H,B
10874,B,U
10875,U,R
10876,R,G
10877,G,E
10878,E,N
10879,N,L
10880,L,A
10881,A,N
10882,N,D
10883,D,F
10884,F,H
10885,H,B
10886,B,U
10887,U,R
10888,R,G
10889,G,E
10890,E,N
10891,N,L
10892,L,A
10893,A,N
10894,N,D
10895,D,F
10896,F,H
10897,H,B
10898,B,U
10899,U,R
10900,R,G
10901,G,E
10902,E,N
10903,N,L
10904,L,A
10905,A,N
10906,N,D
10907,D,F
10908,F,H
10909,H,B
10910,B,U
10911,U,R
10912,R,G
10913,G,E
10914,E,N
10915,N,L
10916,L,A
10917,A,N
10918,N,D
10919,D,F
10920,F,H
10921,H,B
10922,B,U
10923,U,R
10924,R,G
10925,G,E
10926,E,N
10927,N,L
10928,L,A
10929,A,N
10930,N,D
10931,D,F
10932,F,H
10933,H,B
10934,B,U
10935,U,R
10936,R,G
10937,G,E
10938,E,N
10939,N,L
10940,L,A
10941,A,N
10942,N,D
10943,D,F
10944,F,H
10945,H,B
10946,B,U
10947,U,R
10948,R,G
10949,G,E
10950,E,N
10951,N,L
10952,L,A
10953,A,N
10954,N,D
10955,D,F
10956,F,H
10957,H,B
10958,B,U
10959,U,R
10960,R,G
10961,G,E
10962,E,N
10963,N,L
10964,L,A
10965,A,N
10966,N,D
10967,D,F
10968,F,H
10969,H,B
10970,B,U
10971,U,R
10972,R,G
10973,G,E
10974,E,N
10975,N,L
10976,L,A
10977,A,N
10978,N,D
10979,D,F
10980,F,H
10981,H,B
10982,B,U
10983,U,R
10984,R,G
10985,G,E
10986,E,N
10987,N,L
10988,L,A
10989,A,N
10990,N,D
10991,D,F
10992,F,H
10993,H,B
10994,B,U
10995,U,R
10996,R,G
10997,G,E
10998,E,N
10999,N,L
11000,L,A
11001,A,N
11002,N,D
11003,D,F
11004,F,H
11005,H,B
11006,B,U
11007,U,R
11008,R,G
11009,G,E
11010,E,N
11011,N,L
11012,L,A
11013,A,N
11014,N,D
11015,D,F
11016,F,H
11017,H,B
11018,B,U
11019,U,R
11020,R,G
11021,G,E
11022,E,N
11023,N,L
11024,L,A
11025,A,N
11026,N,D
11027,D,F
11028,F,H
11029,H,B
11030,B,U
11031,U,R
11032,R,G
11033,G,E
11034,E,N
11035,N,L
11036,L,A
11037,A,N
11038,N,D
11039,D,F
11040,F,H
11041,H,B
11042,B,U
11043,U,R
11044,R,G
11045,G,E
11046,E,N
11047,N,L
11048,L,A
11049,A,N
11050,N,D
11051,D,F
11052,F,H
11053,H,B
11054,B,U
11055,U,R
11056,R,G
11057,G,E
11058,E,N
11059,N,L
11060,L,A
11061,A,N
11062,N,D
11063,D,F
11064,F,H
11065,H,B
11066,B,U
11067,U,R
11068,R,G
11069,G,E
11070,E,N
11071,N,L
11072,L,A
11073,A,N
11074,N,D
11075,D,F
11076,F,H
11077,H,B
11078,B,U
11079,U,R
11080,R,G
11081,G,E
11082,E,N
11083,N,L
11084,L,A
11085,A,N
11086,N,D
11087,D,F
11088,F,H
11089,H,B
11090,B,U
11091,U,R
11092,R,G
11093,G,E
11094,E,N
11095,N,L
11096,L,A
11097,A,N
11098,N,D
11099,D,F
11100,F,H
11101,H,B
11102,B,U
11103,U,R
11104,R,G
11105,G,E
11106,E,N
11107,N,L
11108,L,A
11109,A,N
11110,N,D
11111,D,F
11112,F,H
11113,H,B
11114,B,U
11115,U,R
11116,R,G
11117,G,E
11118,E,N
11119,N,L
11120,L,A
11121,A,N
11122,N,D
11123,D,F
11124,F,H
11125,H,B
11126,B,U
11127,U,R
11128,R,G
11129,G,E
11130,E,N
11131,N,L
11132,L,A
11133,A,N
11134,N,D
11135,D,F
11136,F,H
11137,H,B
11138,B,U
11139,U,R
11140,R,G
11141,G,E
11142,E,N
11143,N,L
11144,L,A
11145,A,N
11146,N,D
11147,D,F
11148,F,H
11149,H,B
11150,B,U
11151,U,R
11152,R,G
11153,G,E
11154,E,N
11155,N,L
11156,L,A
11157,A,N
11158,N,D
11159,D,F
11160,F,H
11161,H,B
11162,B,U
11163,U,R
11164,R,G
11165,G,E
11166,E,N
11167,N,L
11168,L,A
11169,A,N
11170,N,D
11171,D,F
11172,F,H
11173,H,B
11174,B,U
11175,U,R
11176,R,G
11177,G,E
11178,E,N
11179,N,L
11180,L,A
11181,A,N
11182,N,D
11183,D,F
11184,F,H
11185,H,B
11186,B,U
11187,U,R
11188,R,G
11189,G,E
11190,E,N
11191,N,L
11192,L,A
11193,A,N
11194,N,D
11195,D,F
11196,F,H
11197,H,B
11198,B,U
11199,U,R
11200,R,G
11201,G,E
11202,E,N
11203,N,L
11204,L,A
11205,A,N
11206,N,D
11207,D,F
11208,F,H
11209,H,B
11210,B,U
11211,U,R
11212,R,G
11213,G,E
11214,E,N
11215,N,L
11216,L,A
11217,A,N
11218,N,D
11219,D,F
11220,F,H
11221,H,B
11222,B,U
11223,U,R
11224,R,G
11225,G,E
11226,E,N
11227,N,L
11228,L,A
11229,A,N
11230,N,D
11231,D,F
11232,F,H
11233,H,B
11234,B,U
11235,U,R
11236,R,G
11237,G,E
11238,E,N
11239,N,L
11240,L,A
11241,A,N
11242,N,D
11243,D,F
11244,F,H
11245,H,B
11246,B,U
11247,U,R
11248,R,G
11249,G,E
11250,E,N
11251,N,L
11252,L,A
11253,A,N
11254,N,D
11255,D,F
11256,F,H
11257,H,B
11258,B,U
11259,U,R
11260,R,G
11261,G,E
11262,E,N
11263,N,L
11264,L,A
11265,A,N
11266,N,D
11267,D,F
11268,F,H
11269,H,B
11270,B,U
11271,U,R
11272,R,G
11273,G,E
11274,E,N
11275,N,L
11276,L,A
11277,A,N
11278,N,D
11279,D,F
11280,F,H
11281,H,B
11282,B,U
11283,U,R
11284,R,G
11285,G,E
11286,E,N
11287,N,L
11288,L,A
11289,A,N
11290,N,D
11291,D,F
11292,F,H
11293,H,B
11294,B,U
11295,U,R
11296,R,G
11297,G,E
11298,E,N
11299,N,L
11300,L,A
11301,A,N
11302,N,D
11303,D,F
11304,F,H
11305,H,B
11306,B,U
11307,U,R
11308,R,G
11309,G,E
11310,E,N
11311,N,L
11312,L,A
11313,A,N
11314,N,D
11315,D,F
11316,F,H
11317,H,B
11318,B,U
11319,U,R
11320,R,G
11321,G,E
11322,E,N
11323,N,L
11324,L,A
11325,A,N
11326,N,D
11327,D,F
11328,F,H
11329,H,B
11330,B,U
11331,U,R
11332,R,G
11333,G,E
11334,E,N
11335,N,L
11336,L,A
11337,A,N
11338,N,D
11339,D,F
11340,F,H
11341,H,B
11342,B,U
11343,U,R
11344,R,G
11345,G,E
11346,E,N
11347,N,L
11348,L,A
11349,A,N
11350,N,D
11351,D,F
11352,F,H
11353,H,B
11354,B,U
11355,U,R
11356,R,G
11357,G,E
11358,E,N
11359,N,L
11360,L,A
11361,A,N
11362,N,D
11363,D,F
11364,F,H
11365,H,B
11366,B,U
11367,U,R
11368,R,G
11369,G,E
11370,E,N
11371,N,L
11372,L,A
11373,A,N
11374,N,D
11375,D,F
11376,F,H
11377,H,B
11378,B,U
11379,U,R
11380,R,G
11381,G,E
11382,E,N
11383,N,L
11384,L,A
11385,A,N
11386,N,D
11387,D,F
11388,F,H
11389,H,B
11390,B,U
11391,U,R
11392,R,G
11393,G,E
11394,E,N
11395,N,L
11396,L,A
11397,A,N
11398,N,D
11399,D,F
11400,F,H
11401,H,B
11402,B,U
11403,U,R
11404,R,G
11405,G,E
11406,E,N
11407,N,L
11408,L,A
11409,A,N
11410,N,D
11411,D,F
11412,F,H
11413,H,B
11414,B,U
11415,U,R
11416,R,G
11417,G,E
11418,E,N
11419,N,L
11420,L,A
11421,A,N
11422,N,D
11423,D,F
11424,F,H
11425,H,B
11426,B,U
11427,U,R
11428,R,G
11429,G,E
11430,E,N
11431,N,L
11432,L,A
11433,A,N
11434,N,D
11435,D,F
11436,F,H
11437,H,B
11438,B,U
11439,U,R
11440,R,G
11441,G,E
11442,E,N
11443,N,L
11444,L,A
11445,A,N
11446,N,D
11447,D,F
11448,F,H
11449,H,B
11450,B,U
11451,U,R
11452,R,G
11453,G,E
11454,E,N
11455,N,L
11456,L,A
11457,A,N
11458,N,D
11459,D,F
11460,F,H
11461,H,B
11462,B,U
11463,U,R
11464,R,G
11465,G,E
11466,E,N
11467,N,L
11468,L,A
11469,A,N
11470,N,D
11471,D,F
11472,F,H
11473,H,B
11474,B,U
11475,U,R
11476,R,G
11477,G,E
11478,E,N
11479,N,L
11480,L,A
11481,A,N
11482,N,D
11483,D,F
11484,F,H
11485,H,B
11486,B,U
11487,U,R
11488,R,G
11489,G,E
11490,E,N
11491,N,L
11492,L,A
11493,A,N
11494,N,D
11495,D,F
11496,F,H
11497,H,B
11498,B,U
11499,U,R
11500,R,G
11501,G,E
11502,E,N
11503,N,L
11504,L,A
11505,A,N
11506,N,D
11507,D,F
11508,F,H
11509,H,B
11510,B,U
11511,U,R
11512,R,G
11513,G,E
11514,E,N
11515,N,L
11516,L,A
11517,A,N
11518,N,D
11519,D,F
11520,F,H
11521,H,B
11522,B,U
11523,U,R
11524,R,G
11525,G,E
11526,E,N
11527,N,L
11528,L,A
11529,A,N
11530,N,D
11531,D,F
11532,F,H
11533,H,B
11534,B,U
11535,U,R
11536,R,G
11537,G,E
11538,E,N
11539,N,L
11540,L,A
11541,A,N
11542,N,D
11543,D,F
11544,F,H
11545,H,B
11546,B,U
11547,U,R
11548,R,G
11549,G,E
11550,E,N
11551,N,L
11552,L,A
11553,A,N
11554,N,D
11555,D,F
11556,F,H
11557,H,B
11558,B,U
11559,U,R
11560,R,G
11561,G,E
11562,E,N
11563,N,L
11564,L,A
11565,A,N
11566,N,D
11567,D,F
11568,F,H
11569,H,B
11570,B,U
11571,U,R
11572,R,G
11573,G,E
11574,E,N
11575,N,L
11576,L,A
11577,A,N
11578,N,D
11579,D,F
11580,F,H
11581,H,B
11582,B,U
11583,U,R
11584,R,G
11585,G,E
11586,E,N
11587,N,L
11588,L,A
11589,A,N
11590,N,D
11591,D,F
11592,F,H
11593,H,B
11594,B,U
11595,U,R
11596,R,G
11597,G,E
11598,E,N
11599,N,L
11600,L,A
11601,A,N
11602,N,D
11603,D,F
11604,F,H
11605,H,B
11606,B,U
11607,U,R
11608,R,G
11609,G,E
11610,E,N
11611,N,L
11612,L,A
11613,A,N
11614,N,D
11615,D,F
11616,F,H
11617,H,B
11618,B,U
11619,U,R
11620,R,G
11621,G,E
11622,E,N
11623,N,L
11624,L,A
11625,A,N
11626,N,D
11627,D,F
11628,F,H
11629,H,B
11630,B,U
11631,U,R
11632,R,G
11633,G,E
11634,E,N
11635,N,L
11636,L,A
11637,A,N
11638,N,D
11639,D,F
11640,F,H
11641,H,B
11642,B,U
11643,U,R
11644,R,G
11645,G,E
11646,E,N
11647,N,L
11648,L,A
11649,A,N
11650,N,D
11651,D,F
11652,F,H
11653,H,B
11654,B,U
11655,U,R
11656,R,G
11657,G,E
11658,E,N
11659,N,L
11660,L,A
11661,A,N
11662,N,D
11663,D,F
11664,F,H
11665,H,B
11666,B,U
11667,U,R
11668,R,G
11669,G,E
11670,E,N
11671,N,L
11672,L,A
11673,A,N
11674,N,D
11675,D,F
11676,F,H
11677,H,B
11678,B,U
11679,U,R
11680,R,G
11681,G,E
11682,E,N
11683,N,L
11684,L,A
11685,A,N
11686,N,D
11687,D,F
11688,F,H
11689,H,B
11690,B,U
11691,U,R
11692,R,G
11693,G,E
11694,E,N
11695,N,L
11696,L,A
11697,A,N
11698,N,D
11699,D,F
11700,F,H
11701,H,B
11702,B,U
11703,U,R
11704,R,G
11705,G,E
11706,E,N
11707,N,L
11708,L,A
11709,A,N
11710,N,D
11711,D,F
11712,F,H
11713,H,B
11714,B,U
11715,U,R
11716,R,G
11717,G,E
11718,E,N
11719,N,L
11720,L,A
11721,A,N
11722,N,D
11723,D,F
11724,F,H
11725,H,B
11726,B,U
11727,U,R
11728,R,G
11729,G,E
11730,E,N
11731,N,L
11732,L,A
11733,A,N
11734,N,D
11735,D,F
11736,F,H
11737,H,B
11738,B,U
11739,U,R
11740,R,G
11741,G,E
11742,E,N
11743,N,L
11744,L,A
11745,A,N
11746,N,D
11747,D,F
11748,F,H
11749,H,B
11750,B,U
11751,U,R
11752,R,G
11753,G,E
11754,E,N
11755,N,L
11756,L,A
11757,A,N
11758,N,D
11759,D,F
11760,F,H
11761,H,B
11762,B,U
11763,U,R
11764,R,G
11765,G,E
11766,E,N
11767,N,L
11768,L,A
11769,A,N
11770,N,D
11771,D,F
11772,F,H
11773,H,B
11774,B,U
11775,U,R
11776,R,G
11777,G,E
11778,E,N
11779,N,L
11780,L,A
11781,A,N
11782,N,D
11783,D,F
11784,F,H
11785,H,B
11786,B,U
11787,U,R
11788,R,G
11789,G,E
11790,E,N
11791,N,L
11792,L,A
11793,A,N
11794,N,D
11795,D,F
11796,F,H
11797,H,B
11798,B,U
11799,U,R
11800,R,G
11801,G,E
11802,E,N
11803,N,L
11804,L,A
11805,A,N
11806,N,D
11807,D,F
11808,F,H
11809,H,B
11810,B,U
11811,U,R
11812,R,G
11813,G,E
11814,E,N
11815,N,L
11816,L,A
11817,A,N
11818,N,D
11819,D,F
11820,F,H
11821,H,B
11822,B,U
11823,U,R
11824,R,G
11825,G,E
11826,E,N
11827,N,L
11828,L,A
11829,A,N
11830,N,D
11831,D,F
11832,F,H
11833,H,B
11834,B,U
11835,U,R
11836,R,G
11837,G,E
11838,E,N
11839,N,L
11840,L,A
11841,A,N
11842,N,D
11843,D,F
11844,F,H
11845,H,B
11846,B,U
11847,U,R
11848,R,G
11849,G,E
11850,E,N
11851,N,L
11852,L,A
11853,A,N
11854,N,D
11855,D,F
11856,F,H
11857,H,B
11858,B,U
11859,U,R
11860,R,G
11861,G,E
11862,E,N
11863,N,L
11864,L,A
11865,A,N
11866,N,D
11867,D,F
11868,F,H
11869,H,B
11870,B,U
11871,U,R
11872,R,G
11873,G,E
11874,E,N
11875,N,L
11876,L,A
11877,A,N
11878,N,D
11879,D,F
11880,F,H
11881,H,B
11882,B,U
11883,U,R
11884,R,G
11885,G,E
11886,E,N
11887,N,L
11888,L,A
11889,A,N
11890,N,D
11891,D,F
11892,F,H
11893,H,B
11894,B,U
11895,U,R
11896,R,G
11897,G,E
11898,E,N
11899,N,L
11900,L,A
11901,A,N
11902,N,D
11903,D,F
11904,F,H
11905,H,B
11906,B,U
11907,U,R
11908,R,G
11909,G,E
11910,E,N
11911,N,L
11912,L,A
11913,A,N
11914,N,D
11915,D,F
11916,F,H
11917,H,B
11918,B,U
11919,U,R
11920,R,G
11921,G,E
11922,E,N
11923,N,L
11924,L,A
11925,A,N
11926,N,D
11927,D,F
11928,F,H
11929,H,B
11930,B,U
11931,U,R
11932,R,G
11933,G,E
11934,E,N
11935,N,L
11936,L,A
11937,A,N
11938,N,D
11939,D,F
11940,F,H
11941,H,B
11942,B,U
11943,U,R
11944,R,G
11945,G,E
11946,E,N
11947,N,L
11948,L,A
11949,A,N
11950,N,D
11951,D,F
11952,F,H
11953,H,B
11954,B,U
11955,U,R
11956,R,G
11957,G,E
11958,E,N
11959,N,L
11960,L,A
11961,A,N
11962,N,D
11963,D,F
11964,F,H
11965,H,B
11966,B,U
11967,U,R
11968,R,G
11969,G,E
11970,E,N
11971,N,L
11972,L,A
11973,A,N
11974,N,D
11975,D,F
11976,F,H
11977,H,B
11978,B,U
11979,U,R
11980,R,G
11981,G,E
11982,E,N
11983,N,L
11984,L,A
11985,A,N
11986,N,D
11987,D,F
11988,F,H
11989,H,B
11990,B,U
11991,U,R
11992,R,G
11993,G,E
11994,E,N
11995,N,L
11996,L,A
11997,A,N
11998,N,D
11999,D,F
12000,F,H
12001,H,B
12002,B,U
12003,U,R
12004,R,G
12005,G,E
12006,E,N
12007,N,L
12008,L,A
12009,A,N
12010,N,D
12011,D,F
12012,F,H
12013,H,B
12014,B,U
12015,U,R
12016,R,G
12017,G,E
12018,E,N
12019,N,L
12020,L,A
12021,A,N
12022,N,D
12023,D,F
12024,F,H
12025,H,B
12026,B,U
12027,U,R
12028,R,G
12029,G,E
12030,E,N
12031,N,L
12032,L,A
12033,A,N
12034,N,D
12035,D,F
12036,F,H
12037,H,B
12038,B,U
12039,U,R
12040,R,G
12041,G,E
12042,E,N
12043,N,L
12044,L,A
12045,A,N
12046,N,D
12047,D,F
12048,F,H
12049,H,B
12050,B,U
12051,U,R
12052,R,G
12053,G,E
12054,E,N
12055,N,L
12056,L,A
12057,A,N
12058,N,D
12059,D,F
12060,F,H
12061,H,B
12062,B,U
12063,U,R
12064,R,G
12065,G,E
12066,E,N
12067,N,L
12068,L,A
12069,A,N
12070,N,D
12071,D,F
12072,F,H
12073,H,B
12074,B,U
12075,U,R
12076,R,G
12077,G,E
12078,E,N
12079,N,L
12080,L,A
12081,A,N
12082,N,D
12083,D,F
12084,F,H
12085,H,B
12086,B,U
12087,U,R
12088,R,G
12089,G,E
12090,E,N
12091,N,L
12092,L,A
12093,A,N
12094,N,D
12095,D,F
12096,F,H
12097,H,B
12098,B,U
12099,U,R
12100,R,G
12101,G,E
12102,E,N
12103,N,L
12104,L,A
12105,A,N
12106,N,D
12107,D,F
12108,F,H
12109,H,B
12110,B,U
12111,U,R
12112,R,G
12113,G,E
12114,E,N
12115,N,L
12116,L,A
12117,A,N
12118,N,D
12119,D,F
12120,F,H
12121,H,B
12122,B,U
12123,U,R
12124,R,G
12125,G,E
12126,E,N
12127,N,L
12128,L,A
12129,A,N
12130,N,D
12131,D,F
12132,F,H
12133,H,B
12134,B,U
12135,U,R
12136,R,G
12137,G,E
12138,E,N
12139,N,L
12140,L,A
12141,A,N
12142,N,D
12143,D,F
12144,F,H
12145,H,B
12146,B,U
12147,U,R
12148,R,G
12149,G,E
12150,E,N
12151,N,L
12152,L,A
12153,A,N
12154,N,D
12155,D,F
12156,F,H
12157,H,B
12158,B,U
12159,U,R
12160,R,G
12161,G,E
12162,E,N
12163,N,L
12164,L,A
12165,A,N
12166,N,D
12167,D,F
12168,F,H
12169,H,B
12170,B,U
12171,U,R
12172,R,G
12173,G,E
12174,E,N
12175,N,L
12176,L,A
12177,A,N
12178,N,D
12179,D,F
12180,F,H
12181,H,B
12182,B,U
12183,U,R
12184,R,G
12185,G,E
12186,E,N
12187,N,L
12188,L,A
12189,A,N
12190,N,D
12191,D,F
12192,F,H
12193,H,B
12194,B,U
12195,U,R
12196,R,G
12197,G,E
12198,E,N
12199,N,L
12200,L,A
12201,A,N
12202,N,D
12203,D,F
12204,F,H
12205,H,B
12206,B,U
12207,U,R
12208,R,G
12209,G,E
12210,E,N
12211,N,L
12212,L,A
12213,A,N
12214,N,D
12215,D,F
12216,F,H
12217,H,B
12218,B,U
12219,U,R
12220,R,G
12221,G,E
12222,E,N
12223,N,L
12224,L,A
12225,A,N
12226,N,D
12227,D,F
12228,F,H
12229,H,B
12230,B,U
12231,U,R
12232,R,G
12233,G,E
12234,E,N
12235,N,L
12236,L,A
12237,A,N
12238,N,D
12239,D,F
12240,F,H
12241,H,B
12242,B,U
12243,U,R
12244,R,G
12245,G,E
12246,E,N
12247,N,L
12248,L,A
12249,A,N
12250,N,D
12251,D,F
12252,F,H
12253,H,B
12254,B,U
12255,U,R
12256,R,G
12257,G,E
12258,E,N
12259,N,L
12260,L,A
12261,A,N
12262,N,D
12263,D,F
12264,F,H
12265,H,B
12266,B,U
12267,U,R
12268,R,G
12269,G,E
12270,E,N
12271,N,L
12272,L,A
12273,A,N
12274,N,D
12275,D,F
12276,F,H
12277,H,B
12278,B,U
12279,U,R
12280,R,G
12281,G,E
12282,E,N
12283,N,L
12284,L,A
12285,A,N
12286,N,D
12287,D,F
12288,F,H
12289,H,B
12290,B,U
12291,U,R
12292,R,G
12293,G,E
12294,E,N
12295,N,L
12296,L,A
12297,A,N
12298,N,D
12299,D,F
12300,F,H
12301,H,B
12302,B,U
12303,U,R
12304,R,G
12305,G,E
12306,E,N
12307,N,L
12308,L,A
12309,A,N
12310,N,D
12311,D,F
12312,F,H
12313,H,B
12314,B,U
12315,U,R
12316,R,G
12317,G,E
12318,E,N
12319,N,L
12320,L,A
12321,A,N
12322,N,D
12323,D,F
12324,F,H
12325,H,B
12326,B,U
12327,U,R
12328,R,G
12329,G,E
12330,E,N
12331,N,L
12332,L,A
12333,A,N
12334,N,D
12335,D,F
12336,F,H
12337,H,B
12338,B,U
12339,U,R
12340,R,G
12341,G,E
12342,E,N
12343,N,L
12344,L,A
12345,A,N
12346,N,D
12347,D,F
12348,F,H
12349,H,B
12350,B,U
12351,U,R
12352,R,G
12353,G,E
12354,E,N
12355,N,L
12356,L,A
12357,A,N
12358,N,D
12359,D,F
12360,F,H
12361,H,B
12362,B,U
12363,U,R
12364,R,G
12365,G,E
12366,E,N
12367,N,L
12368,L,A
12369,A,N
12370,N,D
12371,D,F
12372,F,H
12373,H,B
12374,B,U
12375,U,R
12376,R,G
12377,G,E
12378,E,N
12379,N,L
12380,L,A
12381,A,N
12382,N,D
12383,D,F
12384,F,H
12385,H,B
12386,B,U
12387,U,R
12388,R,G
12389,G,E
12390,E,N
12391,N,L
12392,L,A
12393,A,N
12394,N,D
12395,D,F
12396,F,H
12397,H,B
12398,B,U
12399,U,R
12400,R,G
12401,G,E
12402,E,N
12403,N,L
12404,L,A
12405,A,N
12406,N,D
12407,D,F
12408,F,H
12409,H,B
12410,B,U
12411,U,R
12412,R,G
12413,G,E
12414,E,N
12415,N,L
12416,L,A
12417,A,N
12418,N,D
12419,D,F
12420,F,H
12421,H,B
12422,B,U
12423,U,R
12424,R,G
12425,G,E
12426,E,N
12427,N,L
12428,L,A
12429,A,N
12430,N,D
12431,D,F
12432,F,H
12433,H,B
12434,B,U
12435,U,R
12436,R,G
12437,G,E
12438,E,N
12439,N,L
12440,L,A
12441,A,N
12442,N,D
12443,D,F
12444,F,H
12445,H,B
12446,B,U
12447,U,R
12448,R,G
12449,G,E
12450,E,N
12451,N,L
12452,L,A
12453,A,N
12454,N,D
12455,D,F
12456,F,H
12457,H,B
12458,B,U
12459,U,R
12460,R,G
12461,G,E
12462,E,N
12463,N,L
12464,L,A
12465,A,N
12466,N,D
12467,D,F
12468,F,H
12469,H,B
12470,B,U
12471,U,R
12472,R,G
12473,G,E
12474,E,N
12475,N,L
12476,L,A
12477,A,N
12478,N,D
12479,D,F
12480,F,H
12481,H,B
12482,B,U
12483,U,R
12484,R,G
12485,G,E
12486,E,N
12487,N,L
12488,L,A
12489,A,N
12490,N,D
12491,D,F
12492,F,H
12493,H,B
12494,B,U
12495,U,R
12496,R,G
12497,G,E
12498,E,N
12499,N,L
12500,L,A
12501,A,N
12502,N,D
12503,D,F
12504,F,H
12505,H,B
12506,B,U
12507,U,R
12508,R,G
12509,G,E
12510,E,N
12511,N,L
12512,L,A
12513,A,N
12514,N,D
12515,D,F
12516,F,H
12517,H,B
12518,B,U
12519,U,R
12520,R,G
12521,G,E
12522,E,N
12523,N,L
12524,L,A
12525,A,N
12526,N,D
12527,D,F
12528,F,H
12529,H,B
12530,B,U
12531,U,R
12532,R,G
12533,G,E
12534,E,N
12535,N,L
12536,L,A
12537,A,N
12538,N,D
12539,D,F
12540,F,H
12541,H,B
12542,B,U
12543,U,R
12544,R,G
12545,G,E
12546,E,N
12547,N,L
12548,L,A
12549,A,N
12550,N,D
12551,D,F
12552,F,H
12553,H,B
12554,B,U
12555,U,R
12556,R,G
12557,G,E
12558,E,N
12559,N,L
12560,L,A
12561,A,N
12562,N,D
12563,D,F
12564,F,H
12565,H,B
12566,B,U
12567,U,R
12568,R,G
12569,G,E
12570,E,N
12571,N,L
12572,L,A
12573,A,N
12574,N,D
12575,D,F
12576,F,H
12577,H,B
12578,B,U
12579,U,R
12580,R,G
12581,G,E
12582,E,N
12583,N,L
12584,L,A
12585,A,N
12586,N,D
12587,D,F
12588,F,H
12589,H,B
12590,B,U
12591,U,R
12592,R,G
12593,G,E
12594,E,N
12595,N,L
12596,L,A
12597,A,N
12598,N,D
12599,D,F
12600,F,H
12601,H,B
12602,B,U
12603,U,R
12604,R,G
12605,G,E
12606,E,N
12607,N,L
12608,L,A
12609,A,N
12610,N,D
12611,D,F
12612,F,H
12613,H,B
12614,B,U
12615,U,R
12616,R,G
12617,G,E
12618,E,N
12619,N,L
12620,L,A
12621,A,N
12622,N,D
12623,D,F
12624,F,H
12625,H,B
12626,B,U
12627,U,R
12628,R,G
12629,G,E
12630,E,N
12631,N,L
12632,L,A
12633,A,N
12634,N,D
12635,D,F
12636,F,H
12637,H,B
12638,B,U
12639,U,R
12640,R,G
12641,G,E
12642,E,N
12643,N,L
12644,L,A
12645,A,N
12646,N,D
12647,D,F
12648,F,H
12649,H,B
12650,B,U
12651,U,R
12652,R,G
12653,G,E
12654,E,N
12655,N,L
12656,L,A
12657,A,N
12658,N,D
12659,D,F
12660,F,H
12661,H,B
12662,B,U
12663,U,R
12664,R,G
12665,G,E
12666,E,N
12667,N,L
12668,L,A
12669,A,N
12670,N,D
12671,D,F
12672,F,H
12673,H,B
12674,B,U
12675,U,R
12676,R,G
12677,G,E
12678,E,N
12679,N,L
12680,L,A
12681,A,N
12682,N,D
12683,D,F
12684,F,H
12685,H,B
12686,B,U
12687,U,R
12688,R,G
12689,G,E
12690,E,N
12691,N,L
12692,L,A
12693,A,N
12694,N,D
12695,D,F
12696,F,H
12697,H,B
12698,B,U
12699,U,R
12700,R,G
12701,G,E
12702,E,N
12703,N,L
12704,L,A
12705,A,N
12706,N,D
12707,D,F
12708,F,H
12709,H,B
12710,B,U
12711,U,R
12712,R,G
12713,G,E
12714,E,N
12715,N,L
12716,L,A
12717,A,N
12718,N,D
12719,D,F
12720,F,H
12721,H,B
12722,B,U
12723,U,R
12724,R,G
12725,G,E
12726,E,N
12727,N,L
12728,L,A
12729,A,N
12730,N,D
12731,D,F
12732,F,H
12733,H,B
12734,B,U
12735,U,R
12736,R,G
12737,G,E
12738,E,N
12739,N,L
12740,L,A
12741,A,N
12742,N,D
12743,D,F
12744,F,H
12745,H,B
12746,B,U
12747,U,R
12748,R,G
12749,G,E
12750,E,N
12751,N,L
12752,L,A
12753,A,N
12754,N,D
12755,D,F
12756,F,H
12757,H,B
12758,B,U
12759,U,R
12760,R,G
12761,G,E
12762,E,N
12763,N,L
12764,L,A
12765,A,N
12766,N,D
12767,D,F
12768,F,H
12769,H,B
12770,B,U
12771,U,R
12772,R,G
12773,G,E
12774,E,N
12775,N,L
12776,L,A
12777,A,N
12778,N,D
12779,D,F
12780,F,H
12781,H,B
12782,B,U
12783,U,R
12784,R,G
12785,G,E
12786,E,N
12787,N,L
12788,L,A
12789,A,N
12790,N,D
12791,D,F
12792,F,H
12793,H,B
12794,B,U
12795,U,R
12796,R,G
12797,G,E
12798,E,N
12799,N,L
12800,L,A
12801,A,N
12802,N,D
12803,D,F
12804,F,H
12805,H,B
12806,B,U
12807,U,R
12808,R,G
12809,G,E
12810,E,N
12811,N,L
12812,L,A
12813,A,N
12814,N,D
12815,D,F
12816,F,H
12817,H,B
12818,B,U
12819,U,R
12820,R,G
12821,G,E
12822,E,N
12823,N,L
12824,L,A
12825,A,N
12826,N,D
12827,D,F
12828,F,H
12829,H,B
12830,B,U
12831,U,R
12832,R,G
12833,G,E
12834,E,N
12835,N,L
12836,L,A
12837,A,N
12838,N,D
12839,D,F
12840,F,H
12841,H,B
12842,B,U
12843,U,R
12844,R,G
12845,G,E
12846,E,N
12847,N,L
12848,L,A
12849,A,N
12850,N,D
12851,D,F
12852,F,H
12853,H,B
12854,B,U
12855,U,R
12856,R,G
12857,G,E
12858,E,N
12859,N,L
12860,L,A
12861,A,N
12862,N,D
12863,D,F
12864,F,H
12865,H,B
12866,B,U
12867,U,R
12868,R,G
12869,G,E
12870,E,N
12871,N,L
12872,L,A
12873,A,N
12874,N,D
12875,D,F
12876,F,H
12877,H,B
12878,B,U
12879,U,R
12880,R,G
12881,G,E
12882,E,N
12883,N,L
12884,L,A
12885,A,N
12886,N,D
12887,D,F
12888,F,H
12889,H,B
12890,B,U
12891,U,R
12892,R,G
12893,G,E
12894,E,N
12895,N,L
12896,L,A
12897,A,N
12898,N,D
12899,D,F
12900,F,H
12901,H,B
12902,B,U
12903,U,R
12904,R,G
12905,G,E
12906,E,N
12907,N,L
12908,L,A
12909,A,N
12910,N,D
12911,D,F
12912,F,H
12913,H,B
12914,B,U
12915,U,R
12916,R,G
12917,G,E
12918,E,N
12919,N,L
12920,L,A
12921,A,N
12922,N,D
12923,D,F
12924,F,H
12925,H,B
12926,B,U
12927,U,R
12928,R,G
12929,G,E
12930,E,N
12931,N,L
12932,L,A
12933,A,N
12934,N,D
12935,D,F
12936,F,H
12937,H,B
12938,B,U
12939,U,R
12940,R,G
12941,G,E
12942,E,N
12943,N,L
12944,L,A
12945,A,N
12946,N,D
12947,D,F
12948,F,H
12949,H,B
12950,B,U
12951,U,R
12952,R,G
12953,G,E
12954,E,N
12955,N,L
12956,L,A
12957,A,N
12958,N,D
12959,D,F
12960,F,H
12961,H,B
12962,B,U
12963,U,R
12964,R,G
12965,G,E
12966,E,N
12967,N,L
12968,L,A
12969,A,N
12970,N,D
12971,D,F
12972,F,H
12973,H,B
12974,B,U
12975,U,R
12976,R,G
12977,G,E
12978,E,N
12979,N,L
12980,L,A
12981,A,N
12982,N,D
12983,D,F
12984,F,H
12985,H,B
12986,B,U
12987,U,R
12988,R,G
12989,G,E
12990,E,N
12991,N,L
12992,L,A
12993,A,N
12994,N,D
12995,D,F
12996,F,H
12997,H,B
12998,B,U
12999,U,R
13000,R,G
13001,G,E
13002,E,N
13003,N,L
13004,L,A
13005,A,N
13006,N,D
13007,D,F
13008,F,H
13009,H,B
13010,B,U
13011,U,R
13012,R,G
13013,G,E
13014,E,N
13015,N,L
13016,L,A
13017,A,N
13018,N,D
13019,D,F
13020,F,H
13021,H,B
13022,B,U
13023,U,R
13024,R,G
13025,G,E
13026,E,N
13027,N,L
13028,L,A
13029,A,N
13030,N,D
13031,D,F
13032,F,H
13033,H,B
13034,B,U
13035,U,R
13036,R,G
13037,G,E
13038,E,N
13039,N,L
13040,L,A
13041,A,N
13042,N,D
13043,D,F
13044,F,H
13045,H,B
13046,B,U
13047,U,R
13048,R,G
13049,G,E
13050,E,N
13051,N,L
13052,L,A
13053,A,N
13054,N,D
13055,D,F
13056,F,H
13057,H,B
13058,B,U
13059,U,R
13060,R,G
13061,G,E
13062,E,N
13063,N,L
13064,L,A
13065,A,N
13066,N,D
13067,D,F
13068,F,H
13069,H,B
13070,B,U
13071,U,R
13072,R,G
13073,G,E
13074,E,N
13075,N,L
13076,L,A
13077,A,N
13078,N,D
13079,D,F
13080,F,H
13081,H,B
13082,B,U
13083,U,R
13084,R,G
13085,G,E
13086,E,N
13087,N,L
13088,L,A
13089,A,N
13090,N,D
13091,D,F
13092,F,H
13093,H,B
13094,B,U
13095,U,R
13096,R,G
13097,G,E
13098,E,N
13099,N,L
13100,L,A
13101,A,N
13102,N,D
13103,D,F
13104,F,H
13105,H,B
13106,B,U
13107,U,R
13108,R,G
13109,G,E
13110,E,N
13111,N,L
13112,L,A
13113,A,N
13114,N,D
13115,D,F
13116,F,H
13117,H,B
13118,B,U
13119,U,R
13120,R,G
13121,G,E
13122,E,N
13123,N,L
13124,L,A
13125,A,N
13126,N,D
13127,D,F
13128,F,H
13129,H,B
13130,B,U
13131,U,R
13132,R,G
13133,G,E
13134,E,N
13135,N,L
13136,L,A
13137,A,N
13138,N,D
13139,D,F
13140,F,H
13141,H,B
13142,B,U
13143,U,R
13144,R,G
13145,G,E
13146,E,N
13147,N,L
13148,L,A
13149,A,N
13150,N,D
13151,D,F
13152,F,H
13153,H,B
13154,B,U
13155,U,R
13156,R,G
13157,G,E
13158,E,N
13159,N,L
13160,L,A
13161,A,N
13162,N,D
13163,D,F
13164,F,H
13165,H,B
13166,B,U
13167,U,R
13168,R,G
13169,G,E
13170,E,N
13171,N,L
13172,L,A
13173,A,N
13174,N,D
13175,D,F
13176,F,H
13177,H,B
13178,B,U
13179,U,R
13180,R,G
13181,G,E
13182,E,N
13183,N,L
13184,L,A
13185,A,N
13186,N,D
13187,D,F
13188,F,H
13189,H,B
13190,B,U
13191,U,R
13192,R,G
13193,G,E
13194,E,N
13195,N,L
13196,L,A
13197,A,N
13198,N,D
13199,D,F
13200,F,H
13201,H,B
13202,B,U
13203,U,R
13204,R,G
13205,G,E
13206,E,N
13207,N,L
13208,L,A
13209,A,N
13210,N,D
13211,D,F
13212,F,H
13213,H,B
13214,B,U
13215,U,R
13216,R,G
13217,G,E
13218,E,N
13219,N,L
13220,L,A
13221,A,N
13222,N,D
13223,D,F
13224,F,H
13225,H,B
13226,B,U
13227,U,R
13228,R,G
13229,G,E
13230,E,N
13231,N,L
13232,L,A
13233,A,N
13234,N,D
13235,D,F
13236,F,H
13237,H,B
13238,B,U
13239,U,R
13240,R,G
13241,G,E
13242,E,N
13243,N,L
13244,L,A
13245,A,N
13246,N,D
13247,D,F
13248,F,H
13249,H,B
13250,B,U
13251,U,R
13252,R,G
13253,G,E
13254,E,N
13255,N,L
13256,L,A
13257,A,N
13258,N,D
13259,D,F
13260,F,H
13261,H,B
13262,B,U
13263,U,R
13264,R,G
13265,G,E
13266,E,N
13267,N,L
13268,L,A
13269,A,N
13270,N,D
13271,D,F
13272,F,H
13273,H,B
13274,B,U
13275,U,R
13276,R,G
13277,G,E
13278,E,N
13279,N,L
13280,L,A
13281,A,N
13282,N,D
13283,D,F
13284,F,H
13285,H,B
13286,B,U
13287,U,R
13288,R,G
13289,G,E
13290,E,N
13291,N,L
13292,L,A
13293,A,N
13294,N,D
13295,D,F
13296,F,H
13297,H,B
13298,B,U
13299,U,R
13300,R,G
13301,G,E
13302,E,N
13303,N,L
13304,L,A
13305,A,N
13306,N,D
13307,D,F
13308,F,H
13309,H,B
13310,B,U
13311,U,R
13312,R,G
13313,G,E
13314,E,N
13315,N,L
13316,L,A
13317,A,N
13318,N,D
13319,D,F
13320,F,H
13321,H,B
13322,B,U
13323,U,R
13324,R,G
13325,G,E
13326,E,N
13327,N,L
13328,L,A
13329,A,N
13330,N,D
13331,D,F
13332,F,H
13333,H,B
13334,B,U
13335,U,R
13336,R,G
13337,G,E
13338,E,N
13339,N,L
13340,L,A
13341,A,N
13342,N,D
13343,D,F
13344,F,H
13345,H,B
13346,B,U
13347,U,R
13348,R,G
13349,G,E
13350,E,N
13351,N,L
13352,L,A
13353,A,N
13354,N,D
13355,D,F
13356,F,H
13357,H,B
13358,B,U
13359,U,R
13360,R,G
13361,G,E
13362,E,N
13363,N,L
13364,L,A
13365,A,N
13366,N,D
13367,D,F
13368,F,H
13369,H,B
13370,B,U
13371,U,R
13372,R,G
13373,G,E
13374,E,N
13375,N,L
13376,L,A
13377,A,N
13378,N,D
13379,D,F
13380,F,H
13381,H,B
13382,B,U
13383,U,R
13384,R,G
13385,G,E
13386,E,N
13387,N,L
13388,L,A
13389,A,N
13390,N,D
13391,D,F
13392,F,H
13393,H,B
13394,B,U
13395,U,R
13396,R,G
13397,G,E
13398,E,N
13399,N,L
13400,L,A
13401,A,N
13402,N,D
13403,D,F
13404,F,H
13405,H,B
13406,B,U
13407,U,R
13408,R,G
13409,G,E
13410,E,N
13411,N,L
13412,L,A
13413,A,N
13414,N,D
13415,D,F
13416,F,H
13417,H,B
13418,B,U
13419,U,R
13420,R,G
13421,G,E
13422,E,N
13423,N,L
13424,L,A
13425,A,N
13426,N,D
13427,D,F
13428,F,H
13429,H,B
13430,B,U
13431,U,R
13432,R,G
13433,G,E
13434,E,N
13435,N,L
13436,L,A
13437,A,N
13438,N,D
13439,D,F
13440,F,H
13441,H,B
13442,B,U
13443,U,R
13444,R,G
13445,G,E
13446,E,N
13447,N,L
13448,L,A
13449,A,N
13450,N,D
13451,D,F
13452,F,H
13453,H,B
13454,B,U
13455,U,R
13456,R,G
13457,G,E
13458,E,N
13459,N,L
13460,L,A
13461,A,N
13462,N,D
13463,D,F
13464,F,H
13465,H,B
13466,B,U
13467,U,R
13468,R,G
13469,G,E
13470,E,N
13471,N,L
13472,L,A
13473,A,N
13474,N,D
13475,D,F
13476,F,H
13477,H,B
13478,B,U
13479,U,R
13480,R,G
13481,G,E
13482,E,N
13483,N,L
13484,L,A
13485,A,N
13486,N,D
13487,D,F
13488,F,H
13489,H,B
13490,B,U
13491,U,R
13492,R,G
13493,G,E
13494,E,N
13495,N,L
13496,L,A
13497,A,N
13498,N,D
13499,D,F
13500,F,H
13501,H,B
13502,B,U
13503,U,R
13504,R,G
13505,G,E
13506,E,N
13507,N,L
13508,L,A
13509,A,N
13510,N,D
13511,D,F
13512,F,H
13513,H,B
13514,B,U
13515,U,R
13516,R,G
13517,G,E
13518,E,N
13519,N,L
13520,L,A
13521,A,N
13522,N,D
13523,D,F
13524,F,H
13525,H,B
13526,B,U
13527,U,R
13528,R,G
13529,G,E
13530,E,N
13531,N,L
13532,L,A
13533,A,N
13534,N,D
13535,D,F
13536,F,H
13537,H,B
13538,B,U
13539,U,R
13540,R,G
13541,G,E
13542,E,N
13543,N,L
13544,L,A
13545,A,N
13546,N,D
13547,D,F
13548,F,H
13549,H,B
13550,B,U
13551,U,R
13552,R,G
13553,G,E
13554,E,N
13555,N,L
13556,L,A
13557,A,N
13558,N,D
13559,D,F
13560,F,H
13561,H,B
13562,B,U
13563,U,R
13564,R,G
13565,G,E
13566,E,N
13567,N,L
13568,L,A
13569,A,N
13570,N,D
13571,D,F
13572,F,H
13573,H,B
13574,B,U
13575,U,R
13576,R,G
13577,G,E
13578,E,N
13579,N,L
13580,L,A
13581,A,N
13582,N,D
13583,D,F
13584,F,H
13585,H,B
13586,B,U
13587,U,R
13588,R,G
13589,G,E
13590,E,N
13591,N,L
13592,L,A
13593,A,N
13594,N,D
13595,D,F
13596,F,H
13597,H,B
13598,B,U
13599,U,R
13600,R,G
13601,G,E
13602,E,N
13603,N,L
13604,L,A
13605,A,N
13606,N,D
13607,D,F
13608,F,H
13609,H,B
13610,B,U
13611,U,R
13612,R,G
13613,G,E
13614,E,N
13615,N,L
13616,L,A
13617,A,N
13618,N,D
13619,D,F
13620,F,H
13621,H,B
13622,B,U
13623,U,R
13624,R,G
13625,G,E
13626,E,N
13627,N,L
13628,L,A
13629,A,N
13630,N,D
13631,D,F
13632,F,H
13633,H,B
13634,B,U
13635,U,R
13636,R,G
13637,G,E
13638,E,N
13639,N,L
13640,L,A
13641,A,N
13642,N,D
13643,D,F
13644,F,H
13645,H,B
13646,B,U
13647,U,R
13648,R,G
13649,G,E
13650,E,N
13651,N,L
13652,L,A
13653,A,N
13654,N,D
13655,D,F
13656,F,H
13657,H,B
13658,B,U
13659,U,R
13660,R,G
13661,G,E
13662,E,N
13663,N,L
13664,L,A
13665,A,N
13666,N,D
13667,D,F
13668,F,H
13669,H,B
13670,B,U
13671,U,R
13672,R,G
13673,G,E
13674,E,N
13675,N,L
13676,L,A
13677,A,N
13678,N,D
13679,D,F
13680,F,H
13681,H,B
13682,B,U
13683,U,R
13684,R,G
13685,G,E
13686,E,N
13687,N,L
13688,L,A
13689,A,N
13690,N,D
13691,D,F
13692,F,H
13693,H,B
13694,B,U
13695,U,R
13696,R,G
13697,G,E
13698,E,N
13699,N,L
13700,L,A
13701,A,N
13702,N,D
13703,D,F
13704,F,H
13705,H,B
13706,B,U
13707,U,R
13708,R,G
13709,G,E
13710,E,N
13711,N,L
13712,L,A
13713,A,N
13714,N,D
13715,D,F
13716,F,H
13717,H,B
13718,B,U
13719,U,R
13720,R,G
13721,G,E
13722,E,N
13723,N,L
13724,L,A
13725,A,N
13726,N,D
13727,D,F
13728,F,H
13729,H,B
13730,B,U
13731,U,R
13732,R,G
13733,G,E
13734,E,N
13735,N,L
13736,L,A
13737,A,N
13738,N,D
13739,D,F
13740,F,H
13741,H,B
13742,B,U
13743,U,R
13744,R,G
13745,G,E
13746,E,N
13747,N,L
13748,L,A
13749,A,N
13750,N,D
13751,D,F
13752,F,H
13753,H,B
13754,B,U
13755,U,R
13756,R,G
13757,G,E
13758,E,N
13759,N,L
13760,L,A
13761,A,N
13762,N,D
13763,D,F
13764,F,H
13765,H,B
13766,B,U
13767,U,R
13768,R,G
13769,G,E
13770,E,N
13771,N,L
13772,L,A
13773,A,N
13774,N,D
13775,D,F
13776,F,H
13777,H,B
13778,B,U
13779,U,R
13780,R,G
13781,G,E
13782,E,N
13783,N,L
13784,L,A
13785,A,N
13786,N,D
13787,D,F
13788,F,H
13789,H,B
13790,B,U
13791,U,R
13792,R,G
13793,G,E
13794,E,N
13795,N,L
13796,L,A
13797,A,N
13798,N,D
13799,D,F
13800,F,H
13801,H,B
13802,B,U
13803,U,R
13804,R,G
13805,G,E
13806,E,N
13807,N,L
13808,L,A
13809,A,N
13810,N,D
13811,D,F
13812,F,H
13813,H,B
13814,B,U
13815,U,R
13816,R,G
13817,G,E
13818,E,N
13819,N,L
13820,L,A
13821,A,N
13822,N,D
13823,D,F
13824,F,H
13825,H,B
13826,B,U
13827,U,R
13828,R,G
13829,G,E
13830,E,N
13831,N,L
13832,L,A
13833,A,N
13834,N,D
13835,D,F
13836,F,H
13837,H,B
13838,B,U
13839,U,R
13840,R,G
13841,G,E
13842,E,N
13843,N,L
13844,L,A
13845,A,N
13846,N,D
13847,D,F
13848,F,H
13849,H,B
13850,B,U
13851,U,R
13852,R,G
13853,G,E
13854,E,N
13855,N,L
13856,L,A
13857,A,N
13858,N,D
13859,D,F
13860,F,H
13861,H,B
13862,B,U
13863,U,R
13864,R,G
13865,G,E
13866,E,N
13867,N,L
13868,L,A
13869,A,N
13870,N,D
13871,D,F
13872,F,H
13873,H,B
13874,B,U
13875,U,R
13876,R,G
13877,G,E
13878,E,N
13879,N,L
13880,L,A
13881,A,N
13882,N,D
13883,D,F
13884,F,H
13885,H,B
13886,B,U
13887,U,R
13888,R,G
13889,G,E
13890,E,N
13891,N,L
13892,L,A
13893,A,N
13894,N,D
13895,D,F
13896,F,H
13897,H,B
13898,B,U
13899,U,R
13900,R,G
13901,G,E
13902,E,N
13903,N,L
13904,L,A
13905,A,N
13906,N,D
13907,D,F
13908,F,H
13909,H,B
13910,B,U
13911,U,R
13912,R,G
13913,G,E
13914,E,N
13915,N,L
13916,L,A
13917,A,N
13918,N,D
13919,D,F
13920,F,H
13921,H,B
13922,B,U
13923,U,R
13924,R,G
13925,G,E
13926,E,N
13927,N,L
13928,L,A
13929,A,N
13930,N,D
13931,D,F
13932,F,H
13933,H,B
13934,B,U
13935,U,R
13936,R,G
13937,G,E
13938,E,N
13939,N,L
13940,L,A
13941,A,N
13942,N,D
13943,D,F
13944,F,H
13945,H,B
13946,B,U
13947,U,R
13948,R,G
13949,G,E
13950,E,N
13951,N,L
13952,L,A
13953,A,N
13954,N,D
13955,D,F
13956,F,H
13957,H,B
13958,B,U
13959,U,R
13960,R,G
13961,G,E
13962,E,N
13963,N,L
13964,L,A
13965,A,N
13966,N,D
13967,D,F
13968,F,H
13969,H,B
13970,B,U
13971,U,R
13972,R,G
13973,G,E
13974,E,N
13975,N,L
13976,L,A
13977,A,N
13978,N,D
13979,D,F
13980,F,H
13981,H,B
13982,B,U
13983,U,R
13984,R,G
13985,G,E
13986,E,N
13987,N,L
13988,L,A
13989,A,N
13990,N,D
13991,D,F
13992,F,H
13993,H,B
13994,B,U
13995,U,R
13996,R,G
13997,G,E
13998,E,N
13999,N,L
14000,L,A
14001,A,N
14002,N,D
14003,D,F
14004,F,H
14005,H,B
14006,B,U
14007,U,R
14008,R,G
14009,G,E
14010,E,N
14011,N,L
14012,L,A
14013,A,N
14014,N,D
14015,D,F
14016,F,H
14017,H,B
14018,B,U
14019,U,R
14020,R,G
14021,G,E
14022,E,N
14023,N,L
14024,L,A
14025,A,N
14026,N,D
14027,D,F
14028,F,H
14029,H,B
14030,B,U
14031,U,R
14032,R,G
14033,G,E
14034,E,N
14035,N,L
14036,L,A
14037,A,N
14038,N,D
14039,D,F
14040,F,H
14041,H,B
14042,B,U
14043,U,R
14044,R,G
14045,G,E
14046,E,N
14047,N,L
14048,L,A
14049,A,N
14050,N,D
14051,D,F
14052,F,H
14053,H,B
14054,B,U
14055,U,R
14056,R,G
14057,G,E
14058,E,N
14059,N,L
14060,L,A
14061,A,N
14062,N,D
14063,D,F
14064,F,H
14065,H,B
14066,B,U
14067,U,R
14068,R,G
14069,G,E
14070,E,N
14071,N,L
14072,L,A
14073,A,N
14074,N,D
14075,D,F
14076,F,H
14077,H,B
14078,B,U
14079,U,R
14080,R,G
14081,G,E
14082,E,N
14083,N,L
14084,L,A
14085,A,N
14086,N,D
14087,D,F
14088,F,H
14089,H,B
14090,B,U
14091,U,R
14092,R,G
14093,G,E
14094,E,N
14095,N,L
14096,L,A
14097,A,N
14098,N,D
14099,D,F
14100,F,H
14101,H,B
14102,B,U
14103,U,R
14104,R,G
14105,G,E
14106,E,N
14107,N,L
14108,L,A
14109,A,N
14110,N,D
14111,D,F
14112,F,H
14113,H,B
14114,B,U
14115,U,R
14116,R,G
14117,G,E
14118,E,N
14119,N,L
14120,L,A
14121,A,N
14122,N,D
14123,D,F
14124,F,H
14125,H,B
14126,B,U
14127,U,R
14128,R,G
14129,G,E
14130,E,N
14131,N,L
14132,L,A
14133,A,N
14134,N,D
14135,D,F
14136,F,H
14137,H,B
14138,B,U
14139,U,R
14140,R,G
14141,G,E
14142,E,N
14143,N,L
14144,L,A
14145,A,N
14146,N,D
14147,D,F
14148,F,H
14149,H,B
14150,B,U
14151,U,R
14152,R,G
14153,G,E
14154,E,N
14155,N,L
14156,L,A
14157,A,N
14158,N,D
14159,D,F
14160,F,H
14161,H,B
14162,B,U
14163,U,R
14164,R,G
14165,G,E
14166,E,N
14167,N,L
14168,L,A
14169,A,N
14170,N,D
14171,D,F
14172,F,H
14173,H,B
14174,B,U
14175,U,R
14176,R,G
14177,G,E
14178,E,N
14179,N,L
14180,L,A
14181,A,N
14182,N,D
14183,D,F
14184,F,H
14185,H,B
14186,B,U
14187,U,R
14188,R,G
14189,G,E
14190,E,N
14191,N,L
14192,L,A
14193,A,N
14194,N,D
14195,D,F
14196,F,H
14197,H,B
14198,B,U
14199,U,R
14200,R,G
14201,G,E
14202,E,N
14203,N,L
14204,L,A
14205,A,N
14206,N,D
14207,D,F
14208,F,H
14209,H,B
14210,B,U
14211,U,R
14212,R,G
14213,G,E
14214,E,N
14215,N,L
14216,L,A
14217,A,N
14218,N,D
14219,D,F
14220,F,H
14221,H,B
14222,B,U
14223,U,R
14224,R,G
14225,G,E
14226,E,N
14227,N,L
14228,L,A
14229,A,N
14230,N,D
14231,D,F
14232,F,H
14233,H,B
14234,B,U
14235,U,R
14236,R,G
14237,G,E
14238,E,N
14239,N,L
14240,L,A
14241,A,N
14242,N,D
14243,D,F
14244,F,H
14245,H,B
14246,B,U
14247,U,R
14248,R,G
14249,G,E
14250,E,N
14251,N,L
14252,L,A
14253,A,N
14254,N,D
14255,D,F
14256,F,H
14257,H,B
14258,B,U
14259,U,R
14260,R,G
14261,G,E
14262,E,N
14263,N,L
14264,L,A
14265,A,N
14266,N,D
14267,D,F
14268,F,H
14269,H,B
14270,B,U
14271,U,R
14272,R,G
14273,G,E
14274,E,N
14275,N,L
14276,L,A
14277,A,N
14278,N,D
14279,D,F
14280,F,H
14281,H,B
14282,B,U
14283,U,R
14284,R,G
14285,G,E
14286,E,N
14287,N,L
14288,L,A
14289,A,N
14290,N,D
14291,D,F
14292,F,H
14293,H,B
14294,B,U
14295,U,R
14296,R,G
14297,G,E
14298,E,N
14299,N,L
14300,L,A
14301,A,N
14302,N,D
14303,D,F
14304,F,H
14305,H,B
14306,B,U
14307,U,R
14308,R,G
14309,G,E
14310,E,N
14311,N,L
14312,L,A
14313,A,N
14314,N,D
14315,D,F
14316,F,H
14317,H,B
14318,B,U
14319,U,R
14320,R,G
14321,G,E
14322,E,N
14323,N,L
14324,L,A
14325,A,N
14326,N,D
14327,D,F
14328,F,H
14329,H,B
14330,B,U
14331,U,R
14332,R,G
14333,G,E
14334,E,N
14335,N,L
14336,L,A
14337,A,N
14338,N,D
14339,D,F
14340,F,H
14341,H,B
14342,B,U
14343,U,R
14344,R,G
14345,G,E
14346,E,N
14347,N,L
14348,L,A
14349,A,N
14350,N,D
14351,D,F
14352,F,H
14353,H,B
14354,B,U
14355,U,R
14356,R,G
14357,G,E
14358,E,N
14359,N,L
14360,L,A
14361,A,N
14362,N,D
14363,D,F
14364,F,H
14365,H,B
14366,B,U
14367,U,R
14368,R,G
14369,G,E
14370,E,N
14371,N,L
14372,L,A
14373,A,N
14374,N,D
14375,D,F
14376,F,H
14377,H,B
14378,B,U
14379,U,R
14380,R,G
14381,G,E
14382,E,N
14383,N,L
14384,L,A
14385,A,N
14386,N,D
14387,D,F
14388,F,H
14389,H,B
14390,B,U
14391,U,R
14392,R,G
14393,G,E
14394,E,N
14395,N,L
14396,L,A
14397,A,N
14398,N,D
14399,D,F
14400,F,H
14401,H,B
14402,B,U
14403,U,R
14404,R,G
14405,G,E
14406,E,N
14407,N,L
14408,L,A
14409,A,N
14410,N,D
14411,D,F
14412,F,H
14413,H,B
14414,B,U
14415,U,R
14416,R,G
14417,G,E
14418,E,N
14419,N,L
14420,L,A
14421,A,N
14422,N,D
14423,D,F
14424,F,H
14425,H,B
14426,B,U
14427,U,R
14428,R,G
14429,G,E
14430,E,N
14431,N,L
14432,L,A
14433,A,N
14434,N,D
14435,D,F
14436,F,H
14437,H,B
14438,B,U
14439,U,R
14440,R,G
14441,G,E
14442,E,N
14443,N,L
14444,L,A
14445,A,N
14446,N,D
14447,D,F
14448,F,H
14449,H,B
14450,B,U
14451,U,R
14452,R,G
14453,G,E
14454,E,N
14455,N,L
14456,L,A
14457,A,N
14458,N,D
14459,D,F
14460,F,H
14461,H,B
14462,B,U
14463,U,R
14464,R,G
14465,G,E
14466,E,N
14467,N,L
14468,L,A
14469,A,N
14470,N,D
14471,D,F
14472,F,H
14473,H,B
14474,B,U
14475,U,R
14476,R,G
14477,G,E
14478,E,N
14479,N,L
14480,L,A
14481,A,N
14482,N,D
14483,D,F
14484,F,H
14485,H,B
14486,B,U
14487,U,R
14488,R,G
14489,G,E
14490,E,N
14491,N,L
14492,L,A
14493,A,N
14494,N,D
14495,D,F
14496,F,H
14497,H,B
14498,B,U
14499,U,R
14500,R,G
14501,G,E
14502,E,N
14503,N,L
14504,L,A
14505,A,N
14506,N,D
14507,D,F
14508,F,H
14509,H,B
14510,B,U
14511,U,R
14512,R,G
14513,G,E
14514,E,N
14515,N,L
14516,L,A
14517,A,N
14518,N,D
14519,D,F
14520,F,H
14521,H,B
14522,B,U
14523,U,R
14524,R,G
14525,G,E
14526,E,N
14527,N,L
14528,L,A
14529,A,N
14530,N,D
14531,D,F
14532,F,H
14533,H,B
14534,B,U
14535,U,R
14536,R,G
14537,G,E
14538,E,N
14539,N,L
14540,L,A
14541,A,N
14542,N,D
14543,D,F
14544,F,H
14545,H,B
14546,B,U
14547,U,R
14548,R,G
14549,G,E
14550,E,N
14551,N,L
14552,L,A
14553,A,N
14554,N,D
14555,D,F
14556,F,H
14557,H,B
14558,B,U
14559,U,R
14560,R,G
14561,G,E
14562,E,N
14563,N,L
14564,L,A
14565,A,N
14566,N,D
14567,D,F
14568,F,H
14569,H,B
14570,B,U
14571,U,R
14572,R,G
14573,G,E
14574,E,N
14575,N,L
14576,L,A
14577,A,N
14578,N,D
14579,D,F
14580,F,H
14581,H,B
14582,B,U
14583,U,R
14584,R,G
14585,G,E
14586,E,N
14587,N,L
14588,L,A
14589,A,N
14590,N,D
14591,D,F
14592,F,H
14593,H,B
14594,B,U
14595,U,R
14596,R,G
14597,G,E
14598,E,N
14599,N,L
14600,L,A
14601,A,N
14602,N,D
14603,D,F
14604,F,H
14605,H,B
14606,B,U
14607,U,R
14608,R,G
14609,G,E
14610,E,N
14611,N,L
14612,L,A
14613,A,N
14614,N,D
14615,D,F
14616,F,H
14617,H,B
14618,B,U
14619,U,R
14620,R,G
14621,G,E
14622,E,N
14623,N,L
14624,L,A
14625,A,N
14626,N,D
14627,D,F
14628,F,H
14629,H,B
14630,B,U
14631,U,R
14632,R,G
14633,G,E
14634,E,N
14635,N,L
14636,L,A
14637,A,N
14638,N,D
14639,D,F
14640,F,H
14641,H,B
14642,B,U
14643,U,R
14644,R,G
14645,G,E
14646,E,N
14647,N,L
14648,L,A
14649,A,N
14650,N,D
14651,D,F
14652,F,H
14653,H,B
14654,B,U
14655,U,R
14656,R,G
14657,G,E
14658,E,N
14659,N,L
14660,L,A
14661,A,N
14662,N,D
14663,D,F
14664,F,H
14665,H,B
14666,B,U
14667,U,R
14668,R,G
14669,G,E
14670,E,N
14671,N,L
14672,L,A
14673,A,N
14674,N,D
14675,D,F
14676,F,H
14677,H,B
14678,B,U
14679,U,R
14680,R,G
14681,G,E
14682,E,N
14683,N,L
14684,L,A
14685,A,N
14686,N,D
14687,D,F
14688,F,H
14689,H,B
14690,B,U
14691,U,R
14692,R,G
14693,G,E
14694,E,N
14695,N,L
14696,L,A
14697,A,N
14698,N,D
14699,D,F
14700,F,H
14701,H,B
14702,B,U
14703,U,R
14704,R,G
14705,G,E
14706,E,N
14707,N,L
14708,L,A
14709,A,N
14710,N,D
14711,D,F
14712,F,H
14713,H,B
14714,B,U
14715,U,R
14716,R,G
14717,G,E
14718,E,N
14719,N,L
14720,L,A
14721,A,N
14722,N,D
14723,D,F
14724,F,H
14725,H,B
14726,B,U
14727,U,R
14728,R,G
14729,G,E
14730,E,N
14731,N,L
14732,L,A
14733,A,N
14734,N,D
14735,D,F
14736,F,H
14737,H,B
14738,B,U
14739,U,R
14740,R,G
14741,G,E
14742,E,N
14743,N,L
14744,L,A
14745,A,N
14746,N,D
14747,D,F
14748,F,H
14749,H,B
14750,B,U
14751,U,R
14752,R,G
14753,G,E
14754,E,N
14755,N,L
14756,L,A
14757,A,N
14758,N,D
14759,D,F
14760,F,H
14761,H,B
14762,B,U
14763,U,R
14764,R,G
14765,G,E
14766,E,N
14767,N,L
14768,L,A
14769,A,N
14770,N,D
14771,D,F
14772,F,H
14773,H,B
14774,B,U
14775,U,R
14776,R,G
14777,G,E
14778,E,N
14779,N,L
14780,L,A
14781,A,N
14782,N,D
14783,D,F
14784,F,H
14785,H,B
14786,B,U
14787,U,R
14788,R,G
14789,G,E
14790,E,N
14791,N,L
14792,L,A
14793,A,N
14794,N,D
14795,D,F
14796,F,H
14797,H,B
14798,B,U
14799,U,R
14800,R,G
14801,G,E
14802,E,N
14803,N,L
14804,L,A
14805,A,N
14806,N,D
14807,D,F
14808,F,H
14809,H,B
14810,B,U
14811,U,R
14812,R,G
14813,G,E
14814,E,N
14815,N,L
14816,L,A
14817,A,N
14818,N,D
14819,D,F
14820,F,H
14821,H,B
14822,B,U
14823,U,R
14824,R,G
14825,G,E
14826,E,N
14827,N,L
14828,L,A
14829,A,N
14830,N,D
14831,D,F
14832,F,H
14833,H,B
14834,B,U
14835,U,R
14836,R,G
14837,G,E
14838,E,N
14839,N,L
14840,L,A
14841,A,N
14842,N,D
14843,D,F
14844,F,H
14845,H,B
14846,B,U
14847,U,R
14848,R,G
14849,G,E
14850,E,N
14851,N,L
14852,L,A
14853,A,N
14854,N,D
14855,D,F
14856,F,H
14857,H,B
14858,B,U
14859,U,R
14860,R,G
14861,G,E
14862,E,N
14863,N,L
14864,L,A
14865,A,N
14866,N,D
14867,D,F
14868,F,H
14869,H,B
14870,B,U
14871,U,R
14872,R,G
14873,G,E
14874,E,N
14875,N,L
14876,L,A
14877,A,N
14878,N,D
14879,D,F
14880,F,H
14881,H,B
14882,B,U
14883,U,R
14884,R,G
14885,G,E
14886,E,N
14887,N,L
14888,L,A
14889,A,N
14890,N,D
14891,D,F
14892,F,H
14893,H,B
14894,B,U
14895,U,R
14896,R,G
14897,G,E
14898,E,N
14899,N,L
14900,L,A
14901,A,N
14902,N,D
14903,D,F
14904,F,H
14905,H,B
14906,B,U
14907,U,R
14908,R,G
14909,G,E
14910,E,N
14911,N,L
14912,L,A
14913,A,N
14914,N,D
14915,D,F
14916,F,H
14917,H,B
14918,B,U
14919,U,R
14920,R,G
14921,G,E
14922,E,N
14923,N,L
14924,L,A
14925,A,N
14926,N,D
14927,D,F
14928,F,H
14929,H,B
14930,B,U
14931,U,R
14932,R,G
14933,G,E
14934,E,N
14935,N,L
14936,L,A
14937,A,N
14938,N,D
14939,D,F
14940,F,H
14941,H,B
14942,B,U
14943,U,R
14944,R,G
14945,G,E
14946,E,N
14947,N,L
14948,L,A
14949,A,N
14950,N,D
14951,D,STRG
14952,F,C
