device,vkey,scancode,e0,e1,edge,t1_ns,keyname
131139,13,28,0,0,UP,1375063246832,"EINGABE"
131139,13,28,0,0,DOWN,1376004382632,"EINGABE"
131139,13,28,0,0,UP,1376180470932,"EINGABE"
293540923,70,33,0,0,DOWN,1392023917432,"F"
293540923,70,33,0,0,UP,1392127631032,"F"
293540923,72,35,0,0,DOWN,1392130099332,"H"
293540923,66,48,0,0,DOWN,1392226814432,"B"
293540923,72,35,0,0,UP,1392255784932,"H"
293540923,85,22,0,0,DOWN,1392327973932,"U"
293540923,66,48,0,0,UP,1392345063832,"B"
293540923,82,19,0,0,DOWN,1392423179832,"R"
293540923,85,22,0,0,UP,1392441290432,"U"
293540923,71,34,0,0,DOWN,1392527679932,"G"
293540923,82,19,0,0,UP,1392547487732,"R"
293540923,71,34,0,0,UP,1392626069432,"G"
293540923,69,18,0,0,DOWN,1392632129932,"E"
293540923,69,18,0,0,UP,1392719359932,"E"
293540923,78,49,0,0,DOWN,1392727061932,"N"
293540923,78,49,0,0,UP,1392788380132,"N"
293540923,76,38,0,0,DOWN,1392826951432,"L"
293540923,76,38,0,0,UP,1392879193132,"L"
293540923,65,30,0,0,DOWN,1392920519232,"A"
293540923,65,30,0,0,UP,1392967171632,"A"
293540923,78,49,0,0,DOWN,1393023894232,"N"
293540923,78,49,0,0,UP,1393086767732,"N"
293540923,68,32,0,0,DOWN,1393128684432,"D"
293540923,70,33,0,0,DOWN,1393223853732,"F"
293540923,68,32,0,0,UP,1393241246832,"D"
293540923,70,33,0,0,UP,1393305231132,"F"
293540923,72,35,0,0,DOWN,1393320384132,"H"
293540923,66,48,0,0,DOWN,1393425226732,"B"
293540923,72,35,0,0,UP,1393442827932,"H"
293540923,85,22,0,0,DOWN,1393529021932,"U"
293540923,66,48,0,0,UP,1393566465032,"B"
293540923,82,19,0,0,DOWN,1393624146532,"R"
293540923,85,22,0,0,UP,1393640302632,"U"
293540923,71,34,0,0,DOWN,1393727880332,"G"
293540923,82,19,0,0,UP,1393745108932,"R"
293540923,69,18,0,0,DOWN,1393823581832,"E"
293540923,71,34,0,0,UP,1393835814332,"G"
293540923,78,49,0,0,DOWN,1393929245832,"N"
293540923,69,18,0,0,UP,1393946041732,"E"
293540923,78,49,0,0,UP,1393991306232,"N"
293540923,76,38,0,0,DOWN,1394024250332,"L"
293540923,76,38,0,0,UP,1394087581232,"L"
293540923,65,30,0,0,DOWN,1394127479232,"A"
293540923,65,30,0,0,UP,1394167367432,"A"
293540923,78,49,0,0,DOWN,1394223635032,"N"
293540923,78,49,0,0,UP,1394288129732,"N"
293540923,68,32,0,0,DOWN,1394328779732,"D"
293540923,70,33,0,0,DOWN,1394422974132,"F"
293540923,68,32,0,0,UP,1394440935832,"D"
293540923,70,33,0,0,UP,1394495994332,"F"
293540923,72,35,0,0,DOWN,1394527681232,"H"
293540923,66,48,0,0,DOWN,1394624869032,"B"
293540923,72,35,0,0,UP,1394634539632,"H"
293540923,85,22,0,0,DOWN,1394727353632,"U"
293540923,66,48,0,0,UP,1394745182932,"B"
293540923,82,19,0,0,DOWN,1394823238132,"R"
293540923,85,22,0,0,UP,1394840653132,"U"
293540923,71,34,0,0,DOWN,1394927505632,"G"
293540923,82,19,0,0,UP,1394943382532,"R"
293540923,69,18,0,0,DOWN,1395023473832,"E"
293540923,71,34,0,0,UP,1395035529732,"G"
293540923,69,18,0,0,UP,1395128616732,"E"
293540923,78,49,0,0,DOWN,1395133686432,"N"
293540923,78,49,0,0,UP,1395183151932,"N"
293540923,76,38,0,0,DOWN,1395223596632,"L"
293540923,76,38,0,0,UP,1395280038032,"L"
293540923,65,30,0,0,DOWN,1395319695832,"A"
293540923,65,30,0,0,UP,1395367756832,"A"
293540923,78,49,0,0,DOWN,1395423515732,"N"
293540923,78,49,0,0,UP,1395489939632,"N"
293540923,68,32,0,0,DOWN,1395527252232,"D"
293540923,70,33,0,0,DOWN,1395624701232,"F"
293540923,68,32,0,0,UP,1395646500832,"D"
293540923,70,33,0,0,UP,1395695683432,"F"
293540923,72,35,0,0,DOWN,1395727197532,"H"
293540923,72,35,0,0,UP,1395823093232,"H"
293540923,66,48,0,0,DOWN,1395825145432,"B"
293540923,85,22,0,0,DOWN,1395921311232,"U"
293540923,66,48,0,0,UP,1395956372332,"B"
293540923,82,19,0,0,DOWN,1396024747332,"R"
293540923,85,22,0,0,UP,1396036478132,"U"
293540923,71,34,0,0,DOWN,1396119624532,"G"
293540923,82,19,0,0,UP,1396146912332,"R"
293540923,69,18,0,0,DOWN,1396232110032,"E"
293540923,71,34,0,0,UP,1396245715232,"G"
293540923,78,49,0,0,DOWN,1396320388332,"N"
293540923,69,18,0,0,UP,1396329497032,"E"
293540923,78,49,0,0,UP,1396391856632,"N"
293540923,76,38,0,0,DOWN,1396422985932,"L"
293540923,76,38,0,0,UP,1396479086632,"L"
293540923,65,30,0,0,DOWN,1396520846532,"A"
293540923,65,30,0,0,UP,1396567233732,"A"
293540923,78,49,0,0,DOWN,1396623877632,"N"
293540923,78,49,0,0,UP,1396687308232,"N"
293540923,68,32,0,0,DOWN,1396729123832,"D"
293540923,70,33,0,0,DOWN,1396823224332,"F"
293540923,68,32,0,0,UP,1396837229532,"D"
293540923,70,33,0,0,UP,1396895255832,"F"
293540923,72,35,0,0,DOWN,1396927677832,"H"
293540923,66,48,0,0,DOWN,1397024798832,"B"
293540923,72,35,0,0,UP,1397031909032,"H"
293540923,85,22,0,0,DOWN,1397128606932,"U"
293540923,66,48,0,0,UP,1397143738732,"B"
293540923,82,19,0,0,DOWN,1397223056932,"R"
293540923,85,22,0,0,UP,1397233662232,"U"
293540923,71,34,0,0,DOWN,1397327351832,"G"
293540923,82,19,0,0,UP,1397346248032,"R"
293540923,69,18,0,0,DOWN,1397423118332,"E"
293540923,71,34,0,0,UP,1397432656132,"G"
293540923,69,18,0,0,UP,1397519131732,"E"
293540923,78,49,0,0,DOWN,1397527349532,"N"
293540923,78,49,0,0,UP,1397583534232,"N"
293540923,76,38,0,0,DOWN,1397624847932,"L"
293540923,76,38,0,0,UP,1397683206332,"L"
293540923,65,30,0,0,DOWN,1397730998132,"A"
293540923,65,30,0,0,UP,1397785789832,"A"
293540923,78,49,0,0,DOWN,1397823285632,"N"
293540923,78,49,0,0,UP,1397888136932,"N"
293540923,68,32,0,0,DOWN,1397928452132,"D"
293540923,70,33,0,0,DOWN,1398025647632,"F"
293540923,68,32,0,0,UP,1398041431032,"D"
293540923,70,33,0,0,UP,1398106867732,"F"
293540923,72,35,0,0,DOWN,1398128823732,"H"
293540923,66,48,0,0,DOWN,1398223916032,"B"
293540923,72,35,0,0,UP,1398236675732,"H"
293540923,85,22,0,0,DOWN,1398333190332,"U"
293540923,66,48,0,0,UP,1398351616632,"B"
293540923,82,19,0,0,DOWN,1398423216132,"R"
293540923,85,22,0,0,UP,1398440420132,"U"
293540923,71,34,0,0,DOWN,1398527803032,"G"
293540923,82,19,0,0,UP,1398549462932,"R"
293540923,71,34,0,0,UP,1398625150132,"G"
293540923,69,18,0,0,DOWN,1398629835332,"E"
293540923,69,18,0,0,UP,1398721172632,"E"
293540923,78,49,0,0,DOWN,1398728001832,"N"
293540923,78,49,0,0,UP,1398783620832,"N"
293540923,76,38,0,0,DOWN,1398823694332,"L"
293540923,76,38,0,0,UP,1398879255132,"L"
293540923,65,30,0,0,DOWN,1398919801832,"A"
293540923,65,30,0,0,UP,1398967276932,"A"
293540923,78,49,0,0,DOWN,1399023847832,"N"
293540923,78,49,0,0,UP,1399080247532,"N"
293540923,68,32,0,0,DOWN,1399129915232,"D"
293540923,70,33,0,0,DOWN,1399223987332,"F"
293540923,68,32,0,0,UP,1399246136032,"D"
293540923,70,33,0,0,UP,1399304149832,"F"
293540923,72,35,0,0,DOWN,1399320562432,"H"
293540923,66,48,0,0,DOWN,1399423848632,"B"
293540923,72,35,0,0,UP,1399439977532,"H"
293540923,85,22,0,0,DOWN,1399519233132,"U"
293540923,66,48,0,0,UP,1399551545132,"B"
293540923,82,19,0,0,DOWN,1399624320532,"R"
293540923,85,22,0,0,UP,1399648152432,"U"
293540923,71,34,0,0,DOWN,1399720493832,"G"
293540923,82,19,0,0,UP,1399750856332,"R"
293540923,71,34,0,0,UP,1399832858432,"G"
293540923,69,18,0,0,DOWN,1399837057032,"E"
293540923,78,49,0,0,DOWN,1399928438332,"N"
293540923,69,18,0,0,UP,1399941917932,"E"
293540923,78,49,0,0,UP,1399992803432,"N"
293540923,76,38,0,0,DOWN,1400024645132,"L"
293540923,76,38,0,0,UP,1400079214632,"L"
293540923,65,30,0,0,DOWN,1400127600832,"A"
293540923,65,30,0,0,UP,1400168809832,"A"
293540923,78,49,0,0,DOWN,1400224090332,"N"
293540923,78,49,0,0,UP,1400286843132,"N"
293540923,68,32,0,0,DOWN,1400327262132,"D"
293540923,70,33,0,0,DOWN,1400423309432,"F"
293540923,68,32,0,0,UP,1400445646432,"D"
293540923,70,33,0,0,UP,1400503948432,"F"
293540923,72,35,0,0,DOWN,1400527646232,"H"
293540923,66,48,0,0,DOWN,1400623075132,"B"
293540923,72,35,0,0,UP,1400635520532,"H"
293540923,85,22,0,0,DOWN,1400728328532,"U"
293540923,66,48,0,0,UP,1400748884932,"B"
293540923,82,19,0,0,DOWN,1400824969832,"R"
293540923,85,22,0,0,UP,1400834608432,"U"
293540923,71,34,0,0,DOWN,1400927939032,"G"
293540923,82,19,0,0,UP,1400945324332,"R"
293540923,69,18,0,0,DOWN,1401023714732,"E"
293540923,71,34,0,0,UP,1401040160332,"G"
293540923,69,18,0,0,UP,1401130295732,"E"
293540923,78,49,0,0,DOWN,1401134940832,"N"
293540923,78,49,0,0,UP,1401183279132,"N"
293540923,76,38,0,0,DOWN,1401223507732,"L"
293540923,76,38,0,0,UP,1401280091732,"L"
293540923,65,30,0,0,DOWN,1401329081532,"A"
293540923,65,30,0,0,UP,1401367304832,"A"
293540923,78,49,0,0,DOWN,1401423302132,"N"
293540923,78,49,0,0,UP,1401487957932,"N"
293540923,68,32,0,0,DOWN,1401528097032,"D"
293540923,70,33,0,0,DOWN,1401624027432,"F"
293540923,68,32,0,0,UP,1401639482232,"D"
293540923,70,33,0,0,UP,1401698419432,"F"
293540923,72,35,0,0,DOWN,1401727922132,"H"
293540923,66,48,0,0,DOWN,1401824190432,"B"
293540923,72,35,0,0,UP,1401832393532,"H"
293540923,85,22,0,0,DOWN,1401928657532,"U"
293540923,66,48,0,0,UP,1401955477632,"B"
293540923,82,19,0,0,DOWN,1402024950932,"R"
293540923,85,22,0,0,UP,1402042639332,"U"
293540923,71,34,0,0,DOWN,1402127583732,"G"
293540923,82,19,0,0,UP,1402152743732,"R"
293540923,69,18,0,0,DOWN,1402225326332,"E"
293540923,71,34,0,0,UP,1402254932932,"G"
293540923,69,18,0,0,UP,1402320600532,"E"
293540923,78,49,0,0,DOWN,1402325012632,"N"
293540923,78,49,0,0,UP,1402382836732,"N"
293540923,76,38,0,0,DOWN,1402425064432,"L"
293540923,76,38,0,0,UP,1402481159932,"L"
293540923,65,30,0,0,DOWN,1402519894632,"A"
293540923,65,30,0,0,UP,1402595344832,"A"
293540923,78,49,0,0,DOWN,1402633432932,"N"
293540923,78,49,0,0,UP,1402678996232,"N"
293540923,68,32,0,0,DOWN,1402729517332,"D"
293540923,70,33,0,0,DOWN,1402825650532,"F"
293540923,68,32,0,0,UP,1402853106232,"D"
293540923,70,33,0,0,UP,1402895214232,"F"
293540923,72,35,0,0,DOWN,1402920599732,"H"
293540923,66,48,0,0,DOWN,1403023461632,"B"
293540923,72,35,0,0,UP,1403034419132,"H"
293540923,85,22,0,0,DOWN,1403119781532,"U"
293540923,66,48,0,0,UP,1403146365732,"B"
293540923,82,19,0,0,DOWN,1403225468532,"R"
293540923,85,22,0,0,UP,1403240790432,"U"
293540923,71,34,0,0,DOWN,1403329451532,"G"
293540923,82,19,0,0,UP,1403351485132,"R"
293540923,69,18,0,0,DOWN,1403425404432,"E"
293540923,71,34,0,0,UP,1403444175632,"G"
293540923,69,18,0,0,UP,1403519128732,"E"
293540923,78,49,0,0,DOWN,1403527816132,"N"
293540923,78,49,0,0,UP,1403584305532,"N"
293540923,76,38,0,0,DOWN,1403625161832,"L"
293540923,76,38,0,0,UP,1403678929832,"L"
293540923,65,30,0,0,DOWN,1403728541332,"A"
293540923,65,30,0,0,UP,1403766930932,"A"
293540923,78,49,0,0,DOWN,1403825068332,"N"
293540923,78,49,0,0,UP,1403889213932,"N"
293540923,68,32,0,0,DOWN,1403927250132,"D"
293540923,70,33,0,0,DOWN,1404024795032,"F"
293540923,68,32,0,0,UP,1404035523832,"D"
293540923,70,33,0,0,UP,1404103531632,"F"
293540923,72,35,0,0,DOWN,1404127360532,"H"
293540923,66,48,0,0,DOWN,1404225562432,"B"
293540923,72,35,0,0,UP,1404233200932,"H"
293540923,85,22,0,0,DOWN,1404329035432,"U"
293540923,66,48,0,0,UP,1404352343332,"B"
293540923,82,19,0,0,DOWN,1404425390032,"R"
293540923,85,22,0,0,UP,1404442887132,"U"
293540923,71,34,0,0,DOWN,1404529390232,"G"
293540923,82,19,0,0,UP,1404559292632,"R"
293540923,69,18,0,0,DOWN,1404623959932,"E"
293540923,71,34,0,0,UP,1404642890232,"G"
293540923,69,18,0,0,UP,1404728727232,"E"
293540923,78,49,0,0,DOWN,1404731542132,"N"
293540923,78,49,0,0,UP,1404783353632,"N"
293540923,76,38,0,0,DOWN,1404823092632,"L"
293540923,76,38,0,0,UP,1404879907532,"L"
293540923,65,30,0,0,DOWN,1404928147632,"A"
293540923,65,30,0,0,UP,1404967799632,"A"
293540923,78,49,0,0,DOWN,1405024956532,"N"
293540923,78,49,0,0,UP,1405090338232,"N"
293540923,68,32,0,0,DOWN,1405129269932,"D"
293540923,70,33,0,0,DOWN,1405223454432,"F"
293540923,68,32,0,0,UP,1405239860732,"D"
293540923,70,33,0,0,UP,1405297460032,"F"
293540923,72,35,0,0,DOWN,1405327892232,"H"
293540923,66,48,0,0,DOWN,1405424854332,"B"
293540923,72,35,0,0,UP,1405443151632,"H"
293540923,85,22,0,0,DOWN,1405528508832,"U"
293540923,66,48,0,0,UP,1405553252332,"B"
293540923,82,19,0,0,DOWN,1405626071032,"R"
293540923,85,22,0,0,UP,1405644868232,"U"
293540923,71,34,0,0,DOWN,1405728750632,"G"
293540923,82,19,0,0,UP,1405748636332,"R"
293540923,69,18,0,0,DOWN,1405823362032,"E"
293540923,71,34,0,0,UP,1405834397732,"G"
293540923,69,18,0,0,UP,1405921826232,"E"
293540923,78,49,0,0,DOWN,1405928499932,"N"
293540923,78,49,0,0,UP,1405992954732,"N"
293540923,76,38,0,0,DOWN,1406026249532,"L"
293540923,76,38,0,0,UP,1406080216032,"L"
293540923,65,30,0,0,DOWN,1406119682032,"A"
293540923,65,30,0,0,UP,1406167668632,"A"
293540923,78,49,0,0,DOWN,1406223955832,"N"
293540923,78,49,0,0,UP,1406289198632,"N"
293540923,68,32,0,0,DOWN,1406327176732,"D"
293540923,70,33,0,0,DOWN,1406423964532,"F"
293540923,68,32,0,0,UP,1406449013832,"D"
293540923,70,33,0,0,UP,1406496174132,"F"
293540923,72,35,0,0,DOWN,1406519832032,"H"
293540923,66,48,0,0,DOWN,1406627070232,"B"
293540923,72,35,0,0,UP,1406641832232,"H"
293540923,85,22,0,0,DOWN,1406730859232,"U"
293540923,66,48,0,0,UP,1406749809832,"B"
293540923,82,19,0,0,DOWN,1406834669832,"R"
293540923,85,22,0,0,UP,1406849433532,"U"
293540923,71,34,0,0,DOWN,1406928870132,"G"
293540923,82,19,0,0,UP,1406938298432,"R"
293540923,69,18,0,0,DOWN,1407025768232,"E"
293540923,71,34,0,0,UP,1407047379632,"G"
293540923,78,49,0,0,DOWN,1407128077232,"N"
293540923,69,18,0,0,UP,1407137906532,"E"
293540923,78,49,0,0,UP,1407182802932,"N"
293540923,76,38,0,0,DOWN,1407223184832,"L"
293540923,76,38,0,0,UP,1407278925932,"L"
293540923,65,30,0,0,DOWN,1407326851532,"A"
293540923,65,30,0,0,UP,1407367450732,"A"
293540923,78,49,0,0,DOWN,1407423111832,"N"
293540923,78,49,0,0,UP,1407487713432,"N"
293540923,68,32,0,0,DOWN,1407527451332,"D"
293540923,70,33,0,0,DOWN,1407623165632,"F"
293540923,68,32,0,0,UP,1407639223032,"D"
293540923,70,33,0,0,UP,1407705051732,"F"
293540923,72,35,0,0,DOWN,1407727714332,"H"
293540923,66,48,0,0,DOWN,1407823439432,"B"
293540923,72,35,0,0,UP,1407831135332,"H"
293540923,85,22,0,0,DOWN,1407927230832,"U"
293540923,66,48,0,0,UP,1407950912132,"B"
293540923,82,19,0,0,DOWN,1408024406232,"R"
293540923,85,22,0,0,UP,1408031680232,"U"
293540923,71,34,0,0,DOWN,1408127496132,"G"
293540923,82,19,0,0,UP,1408158509532,"R"
293540923,69,18,0,0,DOWN,1408223070532,"E"
293540923,71,34,0,0,UP,1408235088032,"G"
293540923,69,18,0,0,UP,1408319220832,"E"
293540923,78,49,0,0,DOWN,1408327071632,"N"
293540923,78,49,0,0,UP,1408391765232,"N"
293540923,76,38,0,0,DOWN,1408424066832,"L"
293540923,76,38,0,0,UP,1408488674932,"L"
293540923,65,30,0,0,DOWN,1408527885432,"A"
293540923,65,30,0,0,UP,1408587276032,"A"
293540923,78,49,0,0,DOWN,1408623982432,"N"
293540923,78,49,0,0,UP,1408687233432,"N"
293540923,68,32,0,0,DOWN,1408727549332,"D"
293540923,70,33,0,0,DOWN,1408824570632,"F"
293540923,68,32,0,0,UP,1408851003432,"D"
293540923,70,33,0,0,UP,1408910095232,"F"
293540923,72,35,0,0,DOWN,1408928460132,"H"
293540923,66,48,0,0,DOWN,1409024317632,"B"
293540923,72,35,0,0,UP,1409040112932,"H"
293540923,85,22,0,0,DOWN,1409127843532,"U"
293540923,66,48,0,0,UP,1409151150332,"B"
293540923,82,19,0,0,DOWN,1409223689532,"R"
293540923,85,22,0,0,UP,1409244987032,"U"
293540923,71,34,0,0,DOWN,1409328977132,"G"
293540923,82,19,0,0,UP,1409348601232,"R"
293540923,69,18,0,0,DOWN,1409432113432,"E"
293540923,71,34,0,0,UP,1409442347632,"G"
293540923,78,49,0,0,DOWN,1409521126832,"N"
293540923,69,18,0,0,UP,1409534108132,"E"
293540923,78,49,0,0,UP,1409595133532,"N"
293540923,76,38,0,0,DOWN,1409625381632,"L"
293540923,76,38,0,0,UP,1409679028632,"L"
293540923,65,30,0,0,DOWN,1409721038832,"A"
293540923,65,30,0,0,UP,1409769674432,"A"
293540923,78,49,0,0,DOWN,1409823328732,"N"
293540923,78,49,0,0,UP,1409887637032,"N"
293540923,68,32,0,0,DOWN,1409929295732,"D"
293540923,70,33,0,0,DOWN,1410024197232,"F"
293540923,68,32,0,0,UP,1410058603332,"D"
293540923,70,33,0,0,UP,1410110891732,"F"
293540923,72,35,0,0,DOWN,1410127512532,"H"
293540923,66,48,0,0,DOWN,1410225889532,"B"
293540923,72,35,0,0,UP,1410242033232,"H"
293540923,85,22,0,0,DOWN,1410329895032,"U"
293540923,66,48,0,0,UP,1410349570332,"B"
293540923,82,19,0,0,DOWN,1410423216532,"R"
293540923,85,22,0,0,UP,1410442790532,"U"
293540923,71,34,0,0,DOWN,1410527395532,"G"
293540923,82,19,0,0,UP,1410570581532,"R"
293540923,69,18,0,0,DOWN,1410625173432,"E"
293540923,71,34,0,0,UP,1410636521932,"G"
293540923,78,49,0,0,DOWN,1410727647132,"N"
293540923,69,18,0,0,UP,1410747622832,"E"
293540923,78,49,0,0,UP,1410791399032,"N"
293540923,76,38,0,0,DOWN,1410824493532,"L"
293540923,76,38,0,0,UP,1410881232532,"L"
293540923,65,30,0,0,DOWN,1410928267632,"A"
293540923,65,30,0,0,UP,1410966915032,"A"
293540923,78,49,0,0,DOWN,1411025020332,"N"
293540923,78,49,0,0,UP,1411088816832,"N"
293540923,68,32,0,0,DOWN,1411128022432,"D"
293540923,70,33,0,0,DOWN,1411223674032,"F"
293540923,68,32,0,0,UP,1411232511432,"D"
293540923,70,33,0,0,UP,1411305289632,"F"
293540923,72,35,0,0,DOWN,1411328301232,"H"
293540923,66,48,0,0,DOWN,1411424161332,"B"
293540923,72,35,0,0,UP,1411432930132,"H"
293540923,85,22,0,0,DOWN,1411527987632,"U"
293540923,66,48,0,0,UP,1411547912632,"B"
293540923,82,19,0,0,DOWN,1411624435532,"R"
293540923,85,22,0,0,UP,1411650077932,"U"
293540923,71,34,0,0,DOWN,1411728000432,"G"
293540923,82,19,0,0,UP,1411747058832,"R"
293540923,71,34,0,0,UP,1411823625432,"G"
293540923,69,18,0,0,DOWN,1411827700432,"E"
293540923,69,18,0,0,UP,1411928212432,"E"
293540923,78,49,0,0,DOWN,1411934340532,"N"
293540923,78,49,0,0,UP,1411991165732,"N"
293540923,76,38,0,0,DOWN,1412023635732,"L"
293540923,76,38,0,0,UP,1412079905032,"L"
293540923,65,30,0,0,DOWN,1412119393232,"A"
293540923,65,30,0,0,UP,1412176734332,"A"
293540923,78,49,0,0,DOWN,1412224818532,"N"
293540923,78,49,0,0,UP,1412287981832,"N"
293540923,68,32,0,0,DOWN,1412328216032,"D"
293540923,70,33,0,0,DOWN,1412424416932,"F"
293540923,68,32,0,0,UP,1412447702032,"D"
293540923,70,33,0,0,UP,1412499547732,"F"
293540923,72,35,0,0,DOWN,1412525737132,"H"
293540923,72,35,0,0,UP,1412631525932,"H"
293540923,66,48,0,0,DOWN,1412634886232,"B"
293540923,85,22,0,0,DOWN,1412720959332,"U"
293540923,66,48,0,0,UP,1412767980732,"B"
293540923,82,19,0,0,DOWN,1412825079032,"R"
293540923,85,22,0,0,UP,1412844138232,"U"
293540923,71,34,0,0,DOWN,1412920360632,"G"
293540923,82,19,0,0,UP,1412971123332,"R"
293540923,69,18,0,0,DOWN,1413031934132,"E"
293540923,71,34,0,0,UP,1413051253532,"G"
293540923,69,18,0,0,UP,1413120436632,"E"
293540923,78,49,0,0,DOWN,1413128488432,"N"
293540923,78,49,0,0,UP,1413206378032,"N"
293540923,76,38,0,0,DOWN,1413224132132,"L"
293540923,76,38,0,0,UP,1413279913032,"L"
293540923,65,30,0,0,DOWN,1413320210832,"A"
293540923,65,30,0,0,UP,1413377402732,"A"
293540923,78,49,0,0,DOWN,1413424913632,"N"
293540923,78,49,0,0,UP,1413493038332,"N"
293540923,68,32,0,0,DOWN,1413528406232,"D"
293540923,70,33,0,0,DOWN,1413624978132,"F"
293540923,68,32,0,0,UP,1413636738032,"D"
293540923,70,33,0,0,UP,1413696463532,"F"
293540923,72,35,0,0,DOWN,1413727471632,"H"
293540923,66,48,0,0,DOWN,1413823126932,"B"
293540923,72,35,0,0,UP,1413833745632,"H"
293540923,85,22,0,0,DOWN,1413929455832,"U"
293540923,66,48,0,0,UP,1413952994532,"B"
293540923,82,19,0,0,DOWN,1414024383132,"R"
293540923,85,22,0,0,UP,1414035887132,"U"
293540923,71,34,0,0,DOWN,1414130390632,"G"
293540923,82,19,0,0,UP,1414160688232,"R"
293540923,69,18,0,0,DOWN,1414224735632,"E"
293540923,71,34,0,0,UP,1414235623232,"G"
293540923,78,49,0,0,DOWN,1414328551932,"N"
293540923,69,18,0,0,UP,1414348552132,"E"
293540923,78,49,0,0,UP,1414391273532,"N"
293540923,76,38,0,0,DOWN,1414423402232,"L"
293540923,76,38,0,0,UP,1414479700932,"L"
293540923,65,30,0,0,DOWN,1414529426532,"A"
293540923,65,30,0,0,UP,1414580196132,"A"
293540923,78,49,0,0,DOWN,1414624272432,"N"
293540923,78,49,0,0,UP,1414690868832,"N"
293540923,68,32,0,0,DOWN,1414729687432,"D"
293540923,70,33,0,0,DOWN,1414826606032,"F"
293540923,68,32,0,0,UP,1414852287232,"D"
293540923,70,33,0,0,UP,1414903240032,"F"
293540923,72,35,0,0,DOWN,1414927412332,"H"
293540923,66,48,0,0,DOWN,1415024810332,"B"
293540923,72,35,0,0,UP,1415041998632,"H"
293540923,85,22,0,0,DOWN,1415127760332,"U"
293540923,66,48,0,0,UP,1415156648432,"B"
293540923,82,19,0,0,DOWN,1415223820132,"R"
293540923,85,22,0,0,UP,1415244553032,"U"
293540923,71,34,0,0,DOWN,1415337200232,"G"
293540923,82,19,0,0,UP,1415353062932,"R"
293540923,69,18,0,0,DOWN,1415424060432,"E"
293540923,71,34,0,0,UP,1415443171432,"G"
293540923,69,18,0,0,UP,1415527269332,"E"
293540923,78,49,0,0,DOWN,1415529363832,"N"
293540923,78,49,0,0,UP,1415591666032,"N"
293540923,76,38,0,0,DOWN,1415622989632,"L"
293540923,76,38,0,0,UP,1415679577832,"L"
293540923,65,30,0,0,DOWN,1415722048132,"A"
293540923,65,30,0,0,UP,1415767793532,"A"
293540923,78,49,0,0,DOWN,1415825925632,"N"
293540923,78,49,0,0,UP,1415887161732,"N"
293540923,68,32,0,0,DOWN,1415928682132,"D"
293540923,70,33,0,0,DOWN,1416024902132,"F"
293540923,68,32,0,0,UP,1416044940432,"D"
293540923,70,33,0,0,UP,1416095105132,"F"
293540923,72,35,0,0,DOWN,1416121028732,"H"
293540923,66,48,0,0,DOWN,1416225749632,"B"
293540923,72,35,0,0,UP,1416240488332,"H"
293540923,85,22,0,0,DOWN,1416320492132,"U"
293540923,66,48,0,0,UP,1416350851432,"B"
293540923,82,19,0,0,DOWN,1416424206432,"R"
293540923,85,22,0,0,UP,1416444123032,"U"
293540923,71,34,0,0,DOWN,1416519613832,"G"
293540923,82,19,0,0,UP,1416552215132,"R"
293540923,69,18,0,0,DOWN,1416632540632,"E"
293540923,71,34,0,0,UP,1416643429832,"G"
293540923,69,18,0,0,UP,1416727789932,"E"
293540923,78,49,0,0,DOWN,1416733388132,"N"
293540923,78,49,0,0,UP,1416802553932,"N"
293540923,76,38,0,0,DOWN,1416824690432,"L"
293540923,76,38,0,0,UP,1416891193132,"L"
293540923,65,30,0,0,DOWN,1416927988732,"A"
293540923,65,30,0,0,UP,1416972555532,"A"
293540923,78,49,0,0,DOWN,1417026542032,"N"
293540923,78,49,0,0,UP,1417101437032,"N"
293540923,68,32,0,0,DOWN,1417128318932,"D"
293540923,70,33,0,0,DOWN,1417223386232,"F"
293540923,68,32,0,0,UP,1417234658532,"D"
293540923,70,33,0,0,UP,1417295896932,"F"
293540923,72,35,0,0,DOWN,1417328837132,"H"
293540923,66,48,0,0,DOWN,1417424228132,"B"
293540923,72,35,0,0,UP,1417447754732,"H"
293540923,85,22,0,0,DOWN,1417540531432,"U"
293540923,66,48,0,0,UP,1417548864132,"B"
293540923,82,19,0,0,DOWN,1417623517132,"R"
293540923,85,22,0,0,UP,1417637127432,"U"
293540923,71,34,0,0,DOWN,1417730864832,"G"
293540923,82,19,0,0,UP,1417758657832,"R"
293540923,71,34,0,0,UP,1417823892532,"G"
293540923,69,18,0,0,DOWN,1417827454832,"E"
293540923,69,18,0,0,UP,1417927673932,"E"
293540923,78,49,0,0,DOWN,1417931367732,"N"
293540923,78,49,0,0,UP,1417993052432,"N"
293540923,76,38,0,0,DOWN,1418023707132,"L"
293540923,76,38,0,0,UP,1418082968132,"L"
293540923,65,30,0,0,DOWN,1418127724332,"A"
293540923,65,30,0,0,UP,1418180218732,"A"
293540923,78,49,0,0,DOWN,1418223760232,"N"
293540923,78,49,0,0,UP,1418287834932,"N"
293540923,68,32,0,0,DOWN,1418327878232,"D"
293540923,70,33,0,0,DOWN,1418423529132,"F"
293540923,68,32,0,0,UP,1418441415032,"D"
293540923,70,33,0,0,UP,1418509254832,"F"
293540923,72,35,0,0,DOWN,1418528280932,"H"
293540923,72,35,0,0,UP,1418623859532,"H"
293540923,66,48,0,0,DOWN,1418625468032,"B"
293540923,85,22,0,0,DOWN,1418728076432,"U"
293540923,66,48,0,0,UP,1418751968032,"B"
293540923,82,19,0,0,DOWN,1418825987132,"R"
293540923,85,22,0,0,UP,1418845820132,"U"
293540923,71,34,0,0,DOWN,1418928550332,"G"
293540923,82,19,0,0,UP,1418957410032,"R"
293540923,69,18,0,0,DOWN,1419022958132,"E"
293540923,71,34,0,0,UP,1419034519632,"G"
293540923,78,49,0,0,DOWN,1419119930732,"N"
293540923,69,18,0,0,UP,1419140927232,"E"
293540923,78,49,0,0,UP,1419191951132,"N"
293540923,76,38,0,0,DOWN,1419223731932,"L"
293540923,76,38,0,0,UP,1419280939932,"L"
293540923,65,30,0,0,DOWN,1419319744232,"A"
293540923,65,30,0,0,UP,1419377921032,"A"
293540923,78,49,0,0,DOWN,1419426511932,"N"
293540923,78,49,0,0,UP,1419486848932,"N"
293540923,68,32,0,0,DOWN,1419527506132,"D"
293540923,70,33,0,0,DOWN,1419623439432,"F"
293540923,68,32,0,0,UP,1419647412632,"D"
293540923,70,33,0,0,UP,1419696290932,"F"
293540923,72,35,0,0,DOWN,1419720850832,"H"
293540923,66,48,0,0,DOWN,1419823462632,"B"
293540923,72,35,0,0,UP,1419841816932,"H"
293540923,85,22,0,0,DOWN,1419928197932,"U"
293540923,66,48,0,0,UP,1419980634332,"B"
293540923,82,19,0,0,DOWN,1420023656732,"R"
293540923,85,22,0,0,UP,1420035986532,"U"
293540923,71,34,0,0,DOWN,1420127451932,"G"
293540923,82,19,0,0,UP,1420141097632,"R"
293540923,69,18,0,0,DOWN,1420223975332,"E"
293540923,71,34,0,0,UP,1420240361032,"G"
293540923,69,18,0,0,UP,1420319622732,"E"
293540923,78,49,0,0,DOWN,1420328636232,"N"
293540923,78,49,0,0,UP,1420398263732,"N"
293540923,76,38,0,0,DOWN,1420425382332,"L"
293540923,76,38,0,0,UP,1420494819632,"L"
293540923,65,30,0,0,DOWN,1420528306932,"A"
293540923,65,30,0,0,UP,1420569408132,"A"
293540923,78,49,0,0,DOWN,1420623569532,"N"
293540923,78,49,0,0,UP,1420690843432,"N"
293540923,68,32,0,0,DOWN,1420727464332,"D"
293540923,70,33,0,0,DOWN,1420825169332,"F"
293540923,68,32,0,0,UP,1420848703732,"D"
293540923,70,33,0,0,UP,1420895293732,"F"
293540923,72,35,0,0,DOWN,1420928889732,"H"
293540923,66,48,0,0,DOWN,1421023588732,"B"
293540923,72,35,0,0,UP,1421039214432,"H"
293540923,85,22,0,0,DOWN,1421128189732,"U"
293540923,66,48,0,0,UP,1421156774932,"B"
293540923,82,19,0,0,DOWN,1421224083832,"R"
293540923,85,22,0,0,UP,1421252407732,"U"
293540923,71,34,0,0,DOWN,1421327192632,"G"
293540923,82,19,0,0,UP,1421350254432,"R"
293540923,71,34,0,0,UP,1421425321332,"G"
293540923,69,18,0,0,DOWN,1421431785832,"E"
293540923,69,18,0,0,UP,1421530803532,"E"
293540923,78,49,0,0,DOWN,1421539362332,"N"
293540923,78,49,0,0,UP,1421588681832,"N"
293540923,76,38,0,0,DOWN,1421630498332,"L"
293540923,76,38,0,0,UP,1421681328632,"L"
293540923,65,30,0,0,DOWN,1421719432532,"A"
293540923,65,30,0,0,UP,1421770241932,"A"
293540923,78,49,0,0,DOWN,1421823960432,"N"
293540923,78,49,0,0,UP,1421886919832,"N"
293540923,68,32,0,0,DOWN,1421927122332,"D"
293540923,70,33,0,0,DOWN,1422023553432,"F"
293540923,68,32,0,0,UP,1422044163532,"D"
293540923,70,33,0,0,UP,1422095268232,"F"
293540923,72,35,0,0,DOWN,1422127383032,"H"
293540923,66,48,0,0,DOWN,1422224875732,"B"
293540923,72,35,0,0,UP,1422268040832,"H"
293540923,85,22,0,0,DOWN,1422329738732,"U"
293540923,66,48,0,0,UP,1422348241832,"B"
293540923,82,19,0,0,DOWN,1422423464632,"R"
293540923,85,22,0,0,UP,1422434505232,"U"
293540923,71,34,0,0,DOWN,1422520668332,"G"
293540923,82,19,0,0,UP,1422558892832,"R"
293540923,69,18,0,0,DOWN,1422632004932,"E"
293540923,71,34,0,0,UP,1422651847432,"G"
293540923,69,18,0,0,UP,1422722870832,"E"
293540923,78,49,0,0,DOWN,1422732639332,"N"
293540923,78,49,0,0,UP,1422796968432,"N"
293540923,76,38,0,0,DOWN,1422824089232,"L"
293540923,76,38,0,0,UP,1422879629732,"L"
293540923,65,30,0,0,DOWN,1422920135732,"A"
293540923,65,30,0,0,UP,1422968477932,"A"
293540923,78,49,0,0,DOWN,1423023637032,"N"
293540923,78,49,0,0,UP,1423088622832,"N"
293540923,68,32,0,0,DOWN,1423128012032,"D"
293540923,70,33,0,0,DOWN,1423224276732,"F"
293540923,68,32,0,0,UP,1423233795132,"D"
293540923,70,33,0,0,UP,1423297539232,"F"
293540923,72,35,0,0,DOWN,1423327860132,"H"
293540923,66,48,0,0,DOWN,1423424757532,"B"
293540923,72,35,0,0,UP,1423438476032,"H"
293540923,85,22,0,0,DOWN,1423527378132,"U"
293540923,66,48,0,0,UP,1423552866132,"B"
293540923,82,19,0,0,DOWN,1423623970232,"R"
293540923,85,22,0,0,UP,1423634423332,"U"
293540923,71,34,0,0,DOWN,1423727749632,"G"
293540923,82,19,0,0,UP,1423758832332,"R"
293540923,69,18,0,0,DOWN,1423823742532,"E"
293540923,71,34,0,0,UP,1423838539932,"G"
293540923,69,18,0,0,UP,1423919412132,"E"
293540923,78,49,0,0,DOWN,1423927342832,"N"
293540923,78,49,0,0,UP,1423991674032,"N"
293540923,76,38,0,0,DOWN,1424023874432,"L"
293540923,76,38,0,0,UP,1424088815432,"L"
293540923,65,30,0,0,DOWN,1424126791532,"A"
293540923,65,30,0,0,UP,1424167019932,"A"
293540923,78,49,0,0,DOWN,1424224575532,"N"
293540923,78,49,0,0,UP,1424287767832,"N"
293540923,68,32,0,0,DOWN,1424328678632,"D"
293540923,70,33,0,0,DOWN,1424423587932,"F"
293540923,68,32,0,0,UP,1424442520932,"D"
293540923,70,33,0,0,UP,1424504357832,"F"
293540923,72,35,0,0,DOWN,1424529298732,"H"
293540923,66,48,0,0,DOWN,1424623186732,"B"
293540923,72,35,0,0,UP,1424634442532,"H"
293540923,85,22,0,0,DOWN,1424726736132,"U"
293540923,66,48,0,0,UP,1424747166332,"B"
293540923,82,19,0,0,DOWN,1424826421532,"R"
293540923,85,22,0,0,UP,1424848563832,"U"
293540923,71,34,0,0,DOWN,1424927830132,"G"
293540923,82,19,0,0,UP,1424951811732,"R"
293540923,69,18,0,0,DOWN,1425023424032,"E"
293540923,71,34,0,0,UP,1425041371132,"G"
293540923,69,18,0,0,UP,1425121189632,"E"
293540923,78,49,0,0,DOWN,1425131126832,"N"
293540923,78,49,0,0,UP,1425183954032,"N"
293540923,76,38,0,0,DOWN,1425223150332,"L"
293540923,76,38,0,0,UP,1425279157732,"L"
293540923,65,30,0,0,DOWN,1425319467432,"A"
293540923,65,30,0,0,UP,1425367030832,"A"
293540923,78,49,0,0,DOWN,1425426104832,"N"
293540923,78,49,0,0,UP,1425494779332,"N"
293540923,68,32,0,0,DOWN,1425531414032,"D"
293540923,70,33,0,0,DOWN,1425633805732,"F"
293540923,68,32,0,0,UP,1425650647232,"D"
293540923,70,33,0,0,UP,1425709661532,"F"
293540923,72,35,0,0,DOWN,1425724055932,"H"
293540923,66,48,0,0,DOWN,1425824343232,"B"
293540923,72,35,0,0,UP,1425834203832,"H"
293540923,85,22,0,0,DOWN,1425918856132,"U"
293540923,66,48,0,0,UP,1425945805032,"B"
293540923,82,19,0,0,DOWN,1426024397932,"R"
293540923,85,22,0,0,UP,1426032331932,"U"
293540923,71,34,0,0,DOWN,1426120751532,"G"
293540923,82,19,0,0,UP,1426145020632,"R"
293540923,71,34,0,0,UP,1426234083232,"G"
293540923,69,18,0,0,DOWN,1426239512932,"E"
293540923,69,18,0,0,UP,1426327858332,"E"
293540923,78,49,0,0,DOWN,1426331183132,"N"
293540923,78,49,0,0,UP,1426391293832,"N"
293540923,76,38,0,0,DOWN,1426422970232,"L"
293540923,76,38,0,0,UP,1426487742832,"L"
293540923,65,30,0,0,DOWN,1426528891032,"A"
293540923,65,30,0,0,UP,1426574237532,"A"
293540923,78,49,0,0,DOWN,1426623222432,"N"
293540923,78,49,0,0,UP,1426687999732,"N"
293540923,68,32,0,0,DOWN,1426727544432,"D"
293540923,70,33,0,0,DOWN,1426830275332,"F"
293540923,68,32,0,0,UP,1426859180332,"D"
293540923,70,33,0,0,UP,1426904650632,"F"
293540923,72,35,0,0,DOWN,1426927206932,"H"
293540923,66,48,0,0,DOWN,1427022815832,"B"
293540923,72,35,0,0,UP,1427036051732,"H"
293540923,85,22,0,0,DOWN,1427127453532,"U"
293540923,66,48,0,0,UP,1427143196132,"B"
293540923,82,19,0,0,DOWN,1427223582232,"R"
293540923,85,22,0,0,UP,1427235451332,"U"
293540923,71,34,0,0,DOWN,1427328362632,"G"
293540923,82,19,0,0,UP,1427350843232,"R"
293540923,69,18,0,0,DOWN,1427424088632,"E"
293540923,71,34,0,0,UP,1427439398732,"G"
293540923,69,18,0,0,UP,1427519833732,"E"
293540923,78,49,0,0,DOWN,1427527892532,"N"
293540923,78,49,0,0,UP,1427584831332,"N"
293540923,76,38,0,0,DOWN,1427634775332,"L"
293540923,76,38,0,0,UP,1427679340932,"L"
293540923,65,30,0,0,DOWN,1427728742732,"A"
293540923,65,30,0,0,UP,1427768969432,"A"
293540923,78,49,0,0,DOWN,1427823043932,"N"
293540923,78,49,0,0,UP,1427888622832,"N"
293540923,68,32,0,0,DOWN,1427928755232,"D"
293540923,70,33,0,0,DOWN,1428024002432,"F"
293540923,68,32,0,0,UP,1428044133432,"D"
293540923,70,33,0,0,UP,1428095522232,"F"
293540923,72,35,0,0,DOWN,1428127503032,"H"
293540923,66,48,0,0,DOWN,1428222905532,"B"
293540923,72,35,0,0,UP,1428238792832,"H"
293540923,85,22,0,0,DOWN,1428327625232,"U"
293540923,66,48,0,0,UP,1428342949932,"B"
293540923,82,19,0,0,DOWN,1428423976232,"R"
293540923,85,22,0,0,UP,1428447013332,"U"
293540923,71,34,0,0,DOWN,1428527682232,"G"
293540923,82,19,0,0,UP,1428554206732,"R"
293540923,69,18,0,0,DOWN,1428622784032,"E"
293540923,71,34,0,0,UP,1428634039932,"G"
293540923,78,49,0,0,DOWN,1428720083832,"N"
293540923,69,18,0,0,UP,1428733826732,"E"
293540923,78,49,0,0,UP,1428792281532,"N"
293540923,76,38,0,0,DOWN,1428824209332,"L"
293540923,76,38,0,0,UP,1428887618032,"L"
293540923,65,30,0,0,DOWN,1428919726532,"A"
293540923,65,30,0,0,UP,1428966845032,"A"
293540923,78,49,0,0,DOWN,1429023649432,"N"
293540923,78,49,0,0,UP,1429079386432,"N"
293540923,68,32,0,0,DOWN,1429128336532,"D"
293540923,70,33,0,0,DOWN,1429223197132,"F"
293540923,68,32,0,0,UP,1429243007732,"D"
293540923,70,33,0,0,UP,1429295890732,"F"
293540923,72,35,0,0,DOWN,1429321398132,"H"
293540923,66,48,0,0,DOWN,1429425147332,"B"
293540923,72,35,0,0,UP,1429440413432,"H"
293540923,85,22,0,0,DOWN,1429528222632,"U"
293540923,66,48,0,0,UP,1429551313832,"B"
293540923,82,19,0,0,DOWN,1429631377232,"R"
293540923,85,22,0,0,UP,1429635087232,"U"
293540923,71,34,0,0,DOWN,1429727509032,"G"
293540923,82,19,0,0,UP,1429735044132,"R"
293540923,69,18,0,0,DOWN,1429823816232,"E"
293540923,71,34,0,0,UP,1429838478032,"G"
293540923,69,18,0,0,UP,1429924981732,"E"
293540923,78,49,0,0,DOWN,1429928518132,"N"
293540923,78,49,0,0,UP,1429985956232,"N"
293540923,76,38,0,0,DOWN,1430028336932,"L"
293540923,76,38,0,0,UP,1430082181332,"L"
293540923,65,30,0,0,DOWN,1430127615132,"A"
293540923,65,30,0,0,UP,1430171408632,"A"
293540923,78,49,0,0,DOWN,1430224435432,"N"
293540923,78,49,0,0,UP,1430288723832,"N"
293540923,68,32,0,0,DOWN,1430327522432,"D"
293540923,70,33,0,0,DOWN,1430424429532,"F"
293540923,68,32,0,0,UP,1430443668232,"D"
293540923,70,33,0,0,UP,1430503416832,"F"
293540923,72,35,0,0,DOWN,1430527737732,"H"
293540923,66,48,0,0,DOWN,1430625392832,"B"
293540923,72,35,0,0,UP,1430650931432,"H"
293540923,85,22,0,0,DOWN,1430728327332,"U"
293540923,66,48,0,0,UP,1430760405232,"B"
293540923,82,19,0,0,DOWN,1430824313532,"R"
293540923,85,22,0,0,UP,1430844770832,"U"
293540923,71,34,0,0,DOWN,1430927014232,"G"
293540923,82,19,0,0,UP,1430955685332,"R"
293540923,69,18,0,0,DOWN,1431024018432,"E"
293540923,71,34,0,0,UP,1431044896632,"G"
293540923,69,18,0,0,UP,1431129103432,"E"
293540923,78,49,0,0,DOWN,1431134704732,"N"
293540923,78,49,0,0,UP,1431184281832,"N"
293540923,76,38,0,0,DOWN,1431223517532,"L"
293540923,76,38,0,0,UP,1431279084132,"L"
293540923,65,30,0,0,DOWN,1431323312132,"A"
293540923,65,30,0,0,UP,1431366871832,"A"
293540923,78,49,0,0,DOWN,1431423312132,"N"
293540923,78,49,0,0,UP,1431479645132,"N"
293540923,68,32,0,0,DOWN,1431531178732,"D"
293540923,70,33,0,0,DOWN,1431624803232,"F"
293540923,68,32,0,0,UP,1431648864332,"D"
293540923,70,33,0,0,UP,1431695822532,"F"
293540923,72,35,0,0,DOWN,1431729797032,"H"
293540923,66,48,0,0,DOWN,1431823108132,"B"
293540923,72,35,0,0,UP,1431835350132,"H"
293540923,85,22,0,0,DOWN,1431919671932,"U"
293540923,66,48,0,0,UP,1431950189232,"B"
293540923,82,19,0,0,DOWN,1432023430532,"R"
293540923,85,22,0,0,UP,1432032858932,"U"
293540923,71,34,0,0,DOWN,1432120256632,"G"
293540923,82,19,0,0,UP,1432142963932,"R"
293540923,71,34,0,0,UP,1432233560032,"G"
293540923,69,18,0,0,DOWN,1432237946232,"E"
293540923,69,18,0,0,UP,1432319323332,"E"
293540923,78,49,0,0,DOWN,1432321045632,"N"
293540923,78,49,0,0,UP,1432391318932,"N"
293540923,76,38,0,0,DOWN,1432423016432,"L"
293540923,76,38,0,0,UP,1432479599132,"L"
293540923,65,30,0,0,DOWN,1432519047832,"A"
293540923,65,30,0,0,UP,1432566817932,"A"
293540923,78,49,0,0,DOWN,1432626256732,"N"
293540923,78,49,0,0,UP,1432679170132,"N"
293540923,68,32,0,0,DOWN,1432729212632,"D"
293540923,70,33,0,0,DOWN,1432824255132,"F"
293540923,68,32,0,0,UP,1432849390332,"D"
293540923,70,33,0,0,UP,1432899855832,"F"
293540923,72,35,0,0,DOWN,1432928139132,"H"
293540923,66,48,0,0,DOWN,1433024555632,"B"
293540923,72,35,0,0,UP,1433042389232,"H"
293540923,85,22,0,0,DOWN,1433127225632,"U"
293540923,66,48,0,0,UP,1433143741732,"B"
293540923,82,19,0,0,DOWN,1433223187632,"R"
293540923,85,22,0,0,UP,1433231300532,"U"
293540923,71,34,0,0,DOWN,1433326781932,"G"
293540923,82,19,0,0,UP,1433343306732,"R"
293540923,69,18,0,0,DOWN,1433422959032,"E"
293540923,71,34,0,0,UP,1433434521132,"G"
293540923,69,18,0,0,UP,1433527268132,"E"
293540923,78,49,0,0,DOWN,1433528555332,"N"
293540923,78,49,0,0,UP,1433582717332,"N"
293540923,76,38,0,0,DOWN,1433623069532,"L"
293540923,76,38,0,0,UP,1433679222232,"L"
293540923,65,30,0,0,DOWN,1433726894632,"A"
293540923,65,30,0,0,UP,1433767497732,"A"
293540923,78,49,0,0,DOWN,1433823886332,"N"
293540923,78,49,0,0,UP,1433890132332,"N"
293540923,68,32,0,0,DOWN,1433927539332,"D"
293540923,70,33,0,0,DOWN,1434026640232,"F"
293540923,68,32,0,0,UP,1434047502132,"D"
293540923,70,33,0,0,UP,1434103258332,"F"
293540923,72,35,0,0,DOWN,1434128797832,"H"
293540923,66,48,0,0,DOWN,1434223567432,"B"
293540923,72,35,0,0,UP,1434241945832,"H"
293540923,85,22,0,0,DOWN,1434328143532,"U"
293540923,66,48,0,0,UP,1434351903632,"B"
293540923,82,19,0,0,DOWN,1434425343732,"R"
293540923,85,22,0,0,UP,1434449794632,"U"
293540923,71,34,0,0,DOWN,1434527260432,"G"
293540923,82,19,0,0,UP,1434545104832,"R"
293540923,71,34,0,0,UP,1434623325932,"G"
293540923,69,18,0,0,DOWN,1434624892232,"E"
293540923,69,18,0,0,UP,1434719182932,"E"
293540923,78,49,0,0,DOWN,1434728434232,"N"
293540923,78,49,0,0,UP,1434783795232,"N"
293540923,76,38,0,0,DOWN,1434823196732,"L"
293540923,76,38,0,0,UP,1434882244632,"L"
293540923,65,30,0,0,DOWN,1434920767732,"A"
293540923,65,30,0,0,UP,1434968395532,"A"
293540923,78,49,0,0,DOWN,1435026941232,"N"
293540923,78,49,0,0,UP,1435078980532,"N"
293540923,68,32,0,0,DOWN,1435128380732,"D"
293540923,70,33,0,0,DOWN,1435225071132,"F"
293540923,68,32,0,0,UP,1435245136332,"D"
293540923,70,33,0,0,UP,1435306042732,"F"
293540923,72,35,0,0,DOWN,1435320946032,"H"
293540923,66,48,0,0,DOWN,1435423788432,"B"
293540923,72,35,0,0,UP,1435430553432,"H"
293540923,85,22,0,0,DOWN,1435523914432,"U"
293540923,66,48,0,0,UP,1435545612432,"B"
293540923,82,19,0,0,DOWN,1435623326332,"R"
293540923,85,22,0,0,UP,1435633057132,"U"
293540923,71,34,0,0,DOWN,1435720102632,"G"
293540923,82,19,0,0,UP,1435743021432,"R"
293540923,69,18,0,0,DOWN,1435831775732,"E"
293540923,71,34,0,0,UP,1435842035232,"G"
293540923,69,18,0,0,UP,1435926872032,"E"
293540923,78,49,0,0,DOWN,1435928325132,"N"
293540923,78,49,0,0,UP,1435991254132,"N"
293540923,76,38,0,0,DOWN,1436029619332,"L"
293540923,76,38,0,0,UP,1436082241132,"L"
293540923,65,30,0,0,DOWN,1436127515532,"A"
293540923,65,30,0,0,UP,1436167223232,"A"
293540923,78,49,0,0,DOWN,1436225417232,"N"
293540923,78,49,0,0,UP,1436287779532,"N"
293540923,68,32,0,0,DOWN,1436328416232,"D"
293540923,70,33,0,0,DOWN,1436427633032,"F"
293540923,68,32,0,0,UP,1436440422632,"D"
293540923,70,33,0,0,UP,1436503167032,"F"
293540923,72,35,0,0,DOWN,1436527904032,"H"
293540923,66,48,0,0,DOWN,1436623704232,"B"
293540923,72,35,0,0,UP,1436636690332,"H"
293540923,85,22,0,0,DOWN,1436728354432,"U"
293540923,66,48,0,0,UP,1436752723932,"B"
293540923,82,19,0,0,DOWN,1436823379232,"R"
293540923,85,22,0,0,UP,1436842089032,"U"
293540923,71,34,0,0,DOWN,1436928778232,"G"
293540923,82,19,0,0,UP,1436949967532,"R"
293540923,71,34,0,0,UP,1437025293632,"G"
293540923,69,18,0,0,DOWN,1437030297832,"E"
293540923,69,18,0,0,UP,1437128305932,"E"
293540923,78,49,0,0,DOWN,1437133673532,"N"
293540923,78,49,0,0,UP,1437183032032,"N"
293540923,76,38,0,0,DOWN,1437224270832,"L"
293540923,76,38,0,0,UP,1437279364532,"L"
293540923,65,30,0,0,DOWN,1437329008632,"A"
293540923,65,30,0,0,UP,1437368136232,"A"
293540923,78,49,0,0,DOWN,1437425562832,"N"
293540923,78,49,0,0,UP,1437487411232,"N"
293540923,68,32,0,0,DOWN,1437527914632,"D"
293540923,70,33,0,0,DOWN,1437623440932,"F"
293540923,68,32,0,0,UP,1437644051232,"D"
293540923,70,33,0,0,UP,1437703004932,"F"
293540923,72,35,0,0,DOWN,1437727497432,"H"
293540923,72,35,0,0,UP,1437824475732,"H"
293540923,66,48,0,0,DOWN,1437827795532,"B"
293540923,85,22,0,0,DOWN,1437927629032,"U"
293540923,66,48,0,0,UP,1437960719432,"B"
293540923,82,19,0,0,DOWN,1438023646632,"R"
293540923,85,22,0,0,UP,1438043660632,"U"
293540923,71,34,0,0,DOWN,1438127921432,"G"
293540923,82,19,0,0,UP,1438146288432,"R"
293540923,71,34,0,0,UP,1438223420932,"G"
293540923,69,18,0,0,DOWN,1438226361132,"E"
293540923,78,49,0,0,DOWN,1438318928832,"N"
293540923,69,18,0,0,UP,1438330235432,"E"
293540923,78,49,0,0,UP,1438384870732,"N"
293540923,76,38,0,0,DOWN,1438422782332,"L"
293540923,76,38,0,0,UP,1438478865032,"L"
293540923,65,30,0,0,DOWN,1438522561832,"A"
293540923,65,30,0,0,UP,1438574949232,"A"
293540923,78,49,0,0,DOWN,1438624512632,"N"
293540923,78,49,0,0,UP,1438683450332,"N"
293540923,68,32,0,0,DOWN,1438727825132,"D"
293540923,70,33,0,0,DOWN,1438823675132,"F"
293540923,68,32,0,0,UP,1438839476032,"D"
293540923,70,33,0,0,UP,1438896750932,"F"
293540923,72,35,0,0,DOWN,1438919787132,"H"
293540923,66,48,0,0,DOWN,1439024724732,"B"
293540923,72,35,0,0,UP,1439032677632,"H"
293540923,85,22,0,0,DOWN,1439119012832,"U"
293540923,66,48,0,0,UP,1439150620832,"B"
293540923,82,19,0,0,DOWN,1439223051632,"R"
293540923,85,22,0,0,UP,1439232425332,"U"
293540923,71,34,0,0,DOWN,1439327048032,"G"
293540923,82,19,0,0,UP,1439338531932,"R"
293540923,69,18,0,0,DOWN,1439422907632,"E"
293540923,71,34,0,0,UP,1439433071632,"G"
293540923,69,18,0,0,UP,1439528204532,"E"
293540923,78,49,0,0,DOWN,1439533960532,"N"
293540923,78,49,0,0,UP,1439583353132,"N"
293540923,76,38,0,0,DOWN,1439625234532,"L"
293540923,76,38,0,0,UP,1439679097132,"L"
293540923,65,30,0,0,DOWN,1439727213332,"A"
293540923,65,30,0,0,UP,1439768068332,"A"
293540923,78,49,0,0,DOWN,1439825919432,"N"
293540923,78,49,0,0,UP,1439893278032,"N"
293540923,68,32,0,0,DOWN,1439929275632,"D"
293540923,70,33,0,0,DOWN,1440023760232,"F"
293540923,68,32,0,0,UP,1440041936732,"D"
293540923,70,33,0,0,UP,1440094998732,"F"
293540923,72,35,0,0,DOWN,1440128594632,"H"
293540923,66,48,0,0,DOWN,1440224889332,"B"
293540923,72,35,0,0,UP,1440242022532,"H"
293540923,85,22,0,0,DOWN,1440327107632,"U"
293540923,66,48,0,0,UP,1440351515632,"B"
293540923,82,19,0,0,DOWN,1440424227632,"R"
293540923,85,22,0,0,UP,1440437976232,"U"
293540923,71,34,0,0,DOWN,1440526942632,"G"
293540923,82,19,0,0,UP,1440544368032,"R"
293540923,69,18,0,0,DOWN,1440624803832,"E"
293540923,71,34,0,0,UP,1440649348232,"G"
293540923,69,18,0,0,UP,1440729452932,"E"
293540923,78,49,0,0,DOWN,1440735020632,"N"
293540923,78,49,0,0,UP,1440783846932,"N"
293540923,76,38,0,0,DOWN,1440828594632,"L"
293540923,76,38,0,0,UP,1440879645532,"L"
293540923,65,30,0,0,DOWN,1440927102632,"A"
293540923,65,30,0,0,UP,1440966665432,"A"
293540923,78,49,0,0,DOWN,1441026234632,"N"
293540923,78,49,0,0,UP,1441086747732,"N"
293540923,68,32,0,0,DOWN,1441126597432,"D"
293540923,70,33,0,0,DOWN,1441224496032,"F"
293540923,68,32,0,0,UP,1441243231232,"D"
293540923,70,33,0,0,UP,1441302994832,"F"
293540923,72,35,0,0,DOWN,1441327377432,"H"
293540923,66,48,0,0,DOWN,1441422694232,"B"
293540923,72,35,0,0,UP,1441435358432,"H"
293540923,85,22,0,0,DOWN,1441519945732,"U"
293540923,66,48,0,0,UP,1441543498732,"B"
293540923,82,19,0,0,DOWN,1441623528832,"R"
293540923,85,22,0,0,UP,1441632777332,"U"
293540923,71,34,0,0,DOWN,1441719177332,"G"
293540923,82,19,0,0,UP,1441746683132,"R"
293540923,69,18,0,0,DOWN,1441831318432,"E"
293540923,71,34,0,0,UP,1441842776632,"G"
293540923,78,49,0,0,DOWN,1441920713332,"N"
293540923,69,18,0,0,UP,1441931905932,"E"
293540923,78,49,0,0,UP,1441992328732,"N"
293540923,76,38,0,0,DOWN,1442023955732,"L"
293540923,76,38,0,0,UP,1442080203432,"L"
293540923,65,30,0,0,DOWN,1442119046232,"A"
293540923,65,30,0,0,UP,1442166669732,"A"
293540923,78,49,0,0,DOWN,1442223256532,"N"
293540923,78,49,0,0,UP,1442287136932,"N"
293540923,68,32,0,0,DOWN,1442328337332,"D"
293540923,70,33,0,0,DOWN,1442427581632,"F"
293540923,68,32,0,0,UP,1442453026732,"D"
293540923,70,33,0,0,UP,1442494823432,"F"
293540923,72,35,0,0,DOWN,1442528455132,"H"
293540923,66,48,0,0,DOWN,1442623797932,"B"
293540923,72,35,0,0,UP,1442642855432,"H"
293540923,85,22,0,0,DOWN,1442729022032,"U"
293540923,66,48,0,0,UP,1442757070432,"B"
293540923,82,19,0,0,DOWN,1442823049632,"R"
293540923,85,22,0,0,UP,1442834726332,"U"
293540923,71,34,0,0,DOWN,1442928686832,"G"
293540923,82,19,0,0,UP,1442941595432,"R"
293540923,69,18,0,0,DOWN,1443026074832,"E"
293540923,71,34,0,0,UP,1443040865632,"G"
293540923,78,49,0,0,DOWN,1443127981132,"N"
293540923,69,18,0,0,UP,1443144005132,"E"
293540923,78,49,0,0,UP,1443190950032,"N"
293540923,76,38,0,0,DOWN,1443223522032,"L"
293540923,76,38,0,0,UP,1443287481832,"L"
293540923,65,30,0,0,DOWN,1443327075432,"A"
293540923,65,30,0,0,UP,1443366876932,"A"
293540923,78,49,0,0,DOWN,1443423471532,"N"
293540923,78,49,0,0,UP,1443490505632,"N"
293540923,68,32,0,0,DOWN,1443527588932,"D"
293540923,70,33,0,0,DOWN,1443623625032,"F"
293540923,68,32,0,0,UP,1443645593132,"D"
293540923,70,33,0,0,UP,1443705141132,"F"
293540923,72,35,0,0,DOWN,1443728322332,"H"
293540923,72,35,0,0,UP,1443824144232,"H"
293540923,66,48,0,0,DOWN,1443826793532,"B"
293540923,85,22,0,0,DOWN,1443927165632,"U"
293540923,66,48,0,0,UP,1443945463032,"B"
293540923,82,19,0,0,DOWN,1444022901132,"R"
293540923,85,22,0,0,UP,1444039153132,"U"
293540923,71,34,0,0,DOWN,1444129079332,"G"
293540923,82,19,0,0,UP,1444154683232,"R"
293540923,69,18,0,0,DOWN,1444224562332,"E"
293540923,71,34,0,0,UP,1444239572032,"G"
293540923,69,18,0,0,UP,1444328458532,"E"
293540923,78,49,0,0,DOWN,1444331443232,"N"
293540923,78,49,0,0,UP,1444384337132,"N"
293540923,76,38,0,0,DOWN,1444427072232,"L"
293540923,76,38,0,0,UP,1444478934632,"L"
293540923,65,30,0,0,DOWN,1444519304432,"A"
293540923,65,30,0,0,UP,1444576068732,"A"
293540923,78,49,0,0,DOWN,1444624555432,"N"
293540923,78,49,0,0,UP,1444691743232,"N"
293540923,68,32,0,0,DOWN,1444727153032,"D"
293540923,70,33,0,0,DOWN,1444823711932,"F"
293540923,68,32,0,0,UP,1444844761732,"D"
293540923,70,33,0,0,UP,1444904697632,"F"
293540923,72,35,0,0,DOWN,1444919783832,"H"
293540923,66,48,0,0,DOWN,1445025041032,"B"
293540923,72,35,0,0,UP,1445035787732,"H"
293540923,85,22,0,0,DOWN,1445120366532,"U"
293540923,66,48,0,0,UP,1445146152232,"B"
293540923,82,19,0,0,DOWN,1445224678732,"R"
293540923,85,22,0,0,UP,1445243473232,"U"
293540923,71,34,0,0,DOWN,1445319334332,"G"
293540923,82,19,0,0,UP,1445350772832,"R"
293540923,69,18,0,0,DOWN,1445431526232,"E"
293540923,71,34,0,0,UP,1445440702032,"G"
293540923,78,49,0,0,DOWN,1445529301732,"N"
293540923,69,18,0,0,UP,1445543118732,"E"
293540923,78,49,0,0,UP,1445593254732,"N"
293540923,76,38,0,0,DOWN,1445623065532,"L"
293540923,76,38,0,0,UP,1445679427432,"L"
293540923,65,30,0,0,DOWN,1445727843732,"A"
293540923,65,30,0,0,UP,1445767441432,"A"
293540923,78,49,0,0,DOWN,1445826381532,"N"
293540923,78,49,0,0,UP,1445890268332,"N"
293540923,68,32,0,0,DOWN,1445930361732,"D"
293540923,70,33,0,0,DOWN,1446023593132,"F"
293540923,68,32,0,0,UP,1446039496332,"D"
293540923,70,33,0,0,UP,1446097557532,"F"
293540923,72,35,0,0,DOWN,1446130086032,"H"
293540923,66,48,0,0,DOWN,1446222505932,"B"
293540923,72,35,0,0,UP,1446234460132,"H"
293540923,85,22,0,0,DOWN,1446327284532,"U"
293540923,66,48,0,0,UP,1446372876432,"B"
293540923,82,19,0,0,DOWN,1446423959432,"R"
293540923,85,22,0,0,UP,1446439210032,"U"
293540923,71,34,0,0,DOWN,1446529293332,"G"
293540923,82,19,0,0,UP,1446547757232,"R"
293540923,69,18,0,0,DOWN,1446623630632,"E"
293540923,71,34,0,0,UP,1446639062632,"G"
293540923,69,18,0,0,UP,1446728225032,"E"
293540923,78,49,0,0,DOWN,1446730377732,"N"
293540923,78,49,0,0,UP,1446791146932,"N"
293540923,76,38,0,0,DOWN,1446823749832,"L"
293540923,76,38,0,0,UP,1446884554832,"L"
293540923,65,30,0,0,DOWN,1446928519032,"A"
293540923,65,30,0,0,UP,1446967621232,"A"
293540923,78,49,0,0,DOWN,1447026538732,"N"
293540923,78,49,0,0,UP,1447087627732,"N"
293540923,68,32,0,0,DOWN,1447129322032,"D"
293540923,70,33,0,0,DOWN,1447224214332,"F"
293540923,68,32,0,0,UP,1447244045332,"D"
293540923,70,33,0,0,UP,1447302958432,"F"
293540923,72,35,0,0,DOWN,1447327101332,"H"
293540923,66,48,0,0,DOWN,1447423384832,"B"
293540923,72,35,0,0,UP,1447445094532,"H"
293540923,85,22,0,0,DOWN,1447527300932,"U"
293540923,66,48,0,0,UP,1447547787032,"B"
293540923,82,19,0,0,DOWN,1447625509332,"R"
293540923,85,22,0,0,UP,1447642837332,"U"
293540923,71,34,0,0,DOWN,1447728973832,"G"
293540923,82,19,0,0,UP,1447757166832,"R"
293540923,69,18,0,0,DOWN,1447825879132,"E"
293540923,71,34,0,0,UP,1447841685632,"G"
293540923,78,49,0,0,DOWN,1447920086532,"N"
293540923,69,18,0,0,UP,1447928648532,"E"
293540923,78,49,0,0,UP,1447984509132,"N"
293540923,76,38,0,0,DOWN,1448023604732,"L"
293540923,76,38,0,0,UP,1448079317232,"L"
293540923,65,30,0,0,DOWN,1448121549532,"A"
293540923,65,30,0,0,UP,1448179026032,"A"
293540923,78,49,0,0,DOWN,1448224948432,"N"
293540923,78,49,0,0,UP,1448289370632,"N"
293540923,68,32,0,0,DOWN,1448327546532,"D"
293540923,70,33,0,0,DOWN,1448423514732,"F"
293540923,68,32,0,0,UP,1448440407632,"D"
293540923,70,33,0,0,UP,1448503290332,"F"
293540923,72,35,0,0,DOWN,1448519935532,"H"
293540923,66,48,0,0,DOWN,1448624118332,"B"
293540923,72,35,0,0,UP,1448638794732,"H"
293540923,85,22,0,0,DOWN,1448727392132,"U"
293540923,66,48,0,0,UP,1448751574232,"B"
293540923,82,19,0,0,DOWN,1448824763332,"R"
293540923,85,22,0,0,UP,1448843173132,"U"
293540923,71,34,0,0,DOWN,1448929203032,"G"
293540923,82,19,0,0,UP,1448948141432,"R"
293540923,69,18,0,0,DOWN,1449023063232,"E"
293540923,71,34,0,0,UP,1449033582032,"G"
293540923,69,18,0,0,UP,1449119069732,"E"
293540923,78,49,0,0,DOWN,1449127071432,"N"
293540923,78,49,0,0,UP,1449191954432,"N"
293540923,76,38,0,0,DOWN,1449225236032,"L"
293540923,76,38,0,0,UP,1449279759532,"L"
293540923,65,30,0,0,DOWN,1449327806032,"A"
293540923,65,30,0,0,UP,1449378559032,"A"
293540923,78,49,0,0,DOWN,1449423351632,"N"
293540923,78,49,0,0,UP,1449487275532,"N"
293540923,68,32,0,0,DOWN,1449528518632,"D"
293540923,70,33,0,0,DOWN,1449623889132,"F"
293540923,68,32,0,0,UP,1449630902832,"D"
293540923,70,33,0,0,UP,1449706050032,"F"
293540923,72,35,0,0,DOWN,1449730556132,"H"
293540923,66,48,0,0,DOWN,1449823895232,"B"
293540923,72,35,0,0,UP,1449842202532,"H"
293540923,85,22,0,0,DOWN,1449928315632,"U"
293540923,66,48,0,0,UP,1449956238232,"B"
293540923,82,19,0,0,DOWN,1450025559732,"R"
293540923,85,22,0,0,UP,1450040327132,"U"
293540923,71,34,0,0,DOWN,1450128405632,"G"
293540923,82,19,0,0,UP,1450148941632,"R"
293540923,69,18,0,0,DOWN,1450223140832,"E"
293540923,71,34,0,0,UP,1450239286132,"G"
293540923,78,49,0,0,DOWN,1450327625032,"N"
293540923,69,18,0,0,UP,1450337127432,"E"
293540923,78,49,0,0,UP,1450383249232,"N"
293540923,76,38,0,0,DOWN,1450424391132,"L"
293540923,76,38,0,0,UP,1450479789432,"L"
293540923,65,30,0,0,DOWN,1450520636132,"A"
293540923,65,30,0,0,UP,1450568518832,"A"
293540923,78,49,0,0,DOWN,1450624686132,"N"
293540923,78,49,0,0,UP,1450690929332,"N"
293540923,68,32,0,0,DOWN,1450727917832,"D"
293540923,70,33,0,0,DOWN,1450825941432,"F"
293540923,68,32,0,0,UP,1450844501632,"D"
293540923,70,33,0,0,UP,1450903194432,"F"
293540923,72,35,0,0,DOWN,1450921037732,"H"
293540923,66,48,0,0,DOWN,1451026307632,"B"
293540923,72,35,0,0,UP,1451046243832,"H"
293540923,85,22,0,0,DOWN,1451119461632,"U"
293540923,66,48,0,0,UP,1451153360732,"B"
293540923,82,19,0,0,DOWN,1451224454032,"R"
293540923,85,22,0,0,UP,1451237144832,"U"
293540923,71,34,0,0,DOWN,1451319050932,"G"
293540923,82,19,0,0,UP,1451350678132,"R"
293540923,71,34,0,0,UP,1451431278432,"G"
293540923,69,18,0,0,DOWN,1451433174532,"E"
293540923,69,18,0,0,UP,1451520361432,"E"
293540923,78,49,0,0,DOWN,1451524221232,"N"
293540923,78,49,0,0,UP,1451593170532,"N"
293540923,76,38,0,0,DOWN,1451626860032,"L"
293540923,76,38,0,0,UP,1451679025332,"L"
293540923,65,30,0,0,DOWN,1451727437732,"A"
293540923,65,30,0,0,UP,1451779477532,"A"
293540923,78,49,0,0,DOWN,1451829139332,"N"
293540923,78,49,0,0,UP,1451886972232,"N"
293540923,68,32,0,0,DOWN,1451926904732,"D"
293540923,70,33,0,0,DOWN,1452023804332,"F"
293540923,68,32,0,0,UP,1452033149732,"D"
293540923,70,33,0,0,UP,1452095149632,"F"
293540923,72,35,0,0,DOWN,1452127758032,"H"
293540923,66,48,0,0,DOWN,1452223361632,"B"
293540923,72,35,0,0,UP,1452235240132,"H"
293540923,85,22,0,0,DOWN,1452329760732,"U"
293540923,66,48,0,0,UP,1452356681732,"B"
293540923,82,19,0,0,DOWN,1452424724432,"R"
293540923,85,22,0,0,UP,1452438674832,"U"
293540923,71,34,0,0,DOWN,1452527204232,"G"
293540923,82,19,0,0,UP,1452549941232,"R"
293540923,69,18,0,0,DOWN,1452623254232,"E"
293540923,71,34,0,0,UP,1452632950632,"G"
293540923,78,49,0,0,DOWN,1452728106432,"N"
293540923,69,18,0,0,UP,1452737990932,"E"
293540923,78,49,0,0,UP,1452791477532,"N"
293540923,76,38,0,0,DOWN,1452823401832,"L"
293540923,76,38,0,0,UP,1452879449432,"L"
293540923,65,30,0,0,DOWN,1452928138232,"A"
293540923,65,30,0,0,UP,1452968574532,"A"
293540923,78,49,0,0,DOWN,1453023106232,"N"
293540923,78,49,0,0,UP,1453087230832,"N"
293540923,68,32,0,0,DOWN,1453127825932,"D"
293540923,70,33,0,0,DOWN,1453224736132,"F"
293540923,68,32,0,0,UP,1453243426532,"D"
293540923,70,33,0,0,UP,1453295626632,"F"
293540923,72,35,0,0,DOWN,1453327625032,"H"
293540923,66,48,0,0,DOWN,1453423819532,"B"
293540923,72,35,0,0,UP,1453438715232,"H"
293540923,85,22,0,0,DOWN,1453537273432,"U"
293540923,66,48,0,0,UP,1453554306532,"B"
293540923,82,19,0,0,DOWN,1453623169032,"R"
293540923,85,22,0,0,UP,1453641612632,"U"
293540923,71,34,0,0,DOWN,1453727782432,"G"
293540923,82,19,0,0,UP,1453744191432,"R"
293540923,69,18,0,0,DOWN,1453823023032,"E"
293540923,71,34,0,0,UP,1453832427032,"G"
293540923,69,18,0,0,UP,1453920577332,"E"
293540923,78,49,0,0,DOWN,1453935692332,"N"
293540923,78,49,0,0,UP,1453982999332,"N"
293540923,76,38,0,0,DOWN,1454025599132,"L"
293540923,76,38,0,0,UP,1454079521232,"L"
293540923,65,30,0,0,DOWN,1454122508832,"A"
293540923,65,30,0,0,UP,1454166946232,"A"
293540923,78,49,0,0,DOWN,1454223858032,"N"
293540923,78,49,0,0,UP,1454288922032,"N"
293540923,68,32,0,0,DOWN,1454328766632,"D"
293540923,70,33,0,0,DOWN,1454430254632,"F"
293540923,68,32,0,0,UP,1454441757732,"D"
293540923,70,33,0,0,UP,1454507198532,"F"
293540923,72,35,0,0,DOWN,1454520469832,"H"
293540923,66,48,0,0,DOWN,1454624657832,"B"
293540923,72,35,0,0,UP,1454639030432,"H"
293540923,85,22,0,0,DOWN,1454719226632,"U"
293540923,66,48,0,0,UP,1454750553632,"B"
293540923,82,19,0,0,DOWN,1454824558832,"R"
293540923,85,22,0,0,UP,1454835325932,"U"
293540923,71,34,0,0,DOWN,1454929316132,"G"
293540923,82,19,0,0,UP,1454950603232,"R"
293540923,69,18,0,0,DOWN,1455024221732,"E"
293540923,71,34,0,0,UP,1455036850632,"G"
293540923,69,18,0,0,UP,1455129050032,"E"
293540923,78,49,0,0,DOWN,1455132982232,"N"
293540923,78,49,0,0,UP,1455191561132,"N"
293540923,76,38,0,0,DOWN,1455224682332,"L"
293540923,76,38,0,0,UP,1455279422932,"L"
293540923,65,30,0,0,DOWN,1455326855632,"A"
293540923,65,30,0,0,UP,1455366798332,"A"
293540923,78,49,0,0,DOWN,1455424446532,"N"
293540923,78,49,0,0,UP,1455487436732,"N"
293540923,68,32,0,0,DOWN,1455527715232,"D"
293540923,70,33,0,0,DOWN,1455623150232,"F"
293540923,68,32,0,0,UP,1455632820032,"D"
293540923,70,33,0,0,UP,1455706232732,"F"
293540923,72,35,0,0,DOWN,1455727028232,"H"
293540923,66,48,0,0,DOWN,1455825906432,"B"
293540923,72,35,0,0,UP,1455850885532,"H"
293540923,85,22,0,0,DOWN,1455926768232,"U"
293540923,66,48,0,0,UP,1455951254232,"B"
293540923,82,19,0,0,DOWN,1456023317932,"R"
293540923,85,22,0,0,UP,1456039905132,"U"
293540923,71,34,0,0,DOWN,1456128284832,"G"
293540923,82,19,0,0,UP,1456149507832,"R"
293540923,69,18,0,0,DOWN,1456223197032,"E"
293540923,71,34,0,0,UP,1456239770532,"G"
293540923,69,18,0,0,UP,1456328106932,"E"
293540923,78,49,0,0,DOWN,1456332139232,"N"
293540923,78,49,0,0,UP,1456383972932,"N"
293540923,76,38,0,0,DOWN,1456423652232,"L"
293540923,76,38,0,0,UP,1456478604832,"L"
293540923,65,30,0,0,DOWN,1456528913832,"A"
293540923,65,30,0,0,UP,1456567672632,"A"
293540923,78,49,0,0,DOWN,1456625297432,"N"
293540923,78,49,0,0,UP,1456686928732,"N"
293540923,68,32,0,0,DOWN,1456727167032,"D"
293540923,70,33,0,0,DOWN,1456825925932,"F"
293540923,68,32,0,0,UP,1456853260132,"D"
293540923,70,33,0,0,UP,1456907033232,"F"
293540923,72,35,0,0,DOWN,1456927328232,"H"
293540923,66,48,0,0,DOWN,1457023458232,"B"
293540923,72,35,0,0,UP,1457034638132,"H"
293540923,85,22,0,0,DOWN,1457121113732,"U"
293540923,66,48,0,0,UP,1457151277532,"B"
293540923,82,19,0,0,DOWN,1457224294532,"R"
293540923,85,22,0,0,UP,1457239595132,"U"
293540923,71,34,0,0,DOWN,1457324560632,"G"
293540923,82,19,0,0,UP,1457355316532,"R"
293540923,71,34,0,0,UP,1457432423532,"G"
293540923,69,18,0,0,DOWN,1457437031132,"E"
293540923,69,18,0,0,UP,1457519211432,"E"
293540923,78,49,0,0,DOWN,1457526984532,"N"
293540923,78,49,0,0,UP,1457591144532,"N"
293540923,76,38,0,0,DOWN,1457623268032,"L"
293540923,76,38,0,0,UP,1457679969632,"L"
293540923,65,30,0,0,DOWN,1457720421932,"A"
293540923,65,30,0,0,UP,1457767884932,"A"
293540923,78,49,0,0,DOWN,1457826696832,"N"
293540923,78,49,0,0,UP,1457887295732,"N"
293540923,68,32,0,0,DOWN,1457928713032,"D"
293540923,70,33,0,0,DOWN,1458026422132,"F"
293540923,68,32,0,0,UP,1458050244532,"D"
293540923,70,33,0,0,UP,1458104631132,"F"
293540923,72,35,0,0,DOWN,1458127127832,"H"
293540923,66,48,0,0,DOWN,1458223328732,"B"
293540923,72,35,0,0,UP,1458238560432,"H"
293540923,85,22,0,0,DOWN,1458328800432,"U"
293540923,66,48,0,0,UP,1458351716132,"B"
293540923,82,19,0,0,DOWN,1458423303032,"R"
293540923,85,22,0,0,UP,1458433596932,"U"
293540923,71,34,0,0,DOWN,1458528690832,"G"
293540923,82,19,0,0,UP,1458546697632,"R"
293540923,69,18,0,0,DOWN,1458624776632,"E"
293540923,71,34,0,0,UP,1458638166332,"G"
293540923,69,18,0,0,UP,1458725092132,"E"
293540923,78,49,0,0,DOWN,1458731567032,"N"
293540923,78,49,0,0,UP,1458791240132,"N"
293540923,76,38,0,0,DOWN,1458823282032,"L"
293540923,76,38,0,0,UP,1458879629632,"L"
293540923,65,30,0,0,DOWN,1458927293132,"A"
293540923,65,30,0,0,UP,1458969522132,"A"
293540923,78,49,0,0,DOWN,1459024589532,"N"
293540923,78,49,0,0,UP,1459089160032,"N"
293540923,68,32,0,0,DOWN,1459129828732,"D"
293540923,70,33,0,0,DOWN,1459224171532,"F"
293540923,68,32,0,0,UP,1459245330332,"D"
293540923,70,33,0,0,UP,1459303367532,"F"
293540923,72,35,0,0,DOWN,1459326911332,"H"
293540923,66,48,0,0,DOWN,1459423626532,"B"
293540923,72,35,0,0,UP,1459433282832,"H"
293540923,85,22,0,0,DOWN,1459528557832,"U"
293540923,66,48,0,0,UP,1459550845932,"B"
293540923,82,19,0,0,DOWN,1459623668832,"R"
293540923,85,22,0,0,UP,1459641869532,"U"
293540923,71,34,0,0,DOWN,1459727148932,"G"
293540923,82,19,0,0,UP,1459750789032,"R"
293540923,69,18,0,0,DOWN,1459824536932,"E"
293540923,71,34,0,0,UP,1459845563932,"G"
293540923,69,18,0,0,UP,1459926587732,"E"
293540923,78,49,0,0,DOWN,1459927691532,"N"
293540923,78,49,0,0,UP,1459983687432,"N"
293540923,76,38,0,0,DOWN,1460024996632,"L"
293540923,76,38,0,0,UP,1460079124432,"L"
293540923,65,30,0,0,DOWN,1460119673932,"A"
293540923,65,30,0,0,UP,1460167123532,"A"
293540923,78,49,0,0,DOWN,1460225923732,"N"
293540923,78,49,0,0,UP,1460279297032,"N"
293540923,68,32,0,0,DOWN,1460327139532,"D"
293540923,70,33,0,0,DOWN,1460423790532,"F"
293540923,68,32,0,0,UP,1460445959532,"D"
293540923,70,33,0,0,UP,1460506015332,"F"
293540923,72,35,0,0,DOWN,1460519865332,"H"
293540923,66,48,0,0,DOWN,1460622728232,"B"
293540923,72,35,0,0,UP,1460634954432,"H"
293540923,85,22,0,0,DOWN,1460719677132,"U"
293540923,66,48,0,0,UP,1460744399032,"B"
293540923,82,19,0,0,DOWN,1460823503032,"R"
293540923,85,22,0,0,UP,1460834125432,"U"
293540923,71,34,0,0,DOWN,1460919582332,"G"
293540923,82,19,0,0,UP,1460937203032,"R"
293540923,69,18,0,0,DOWN,1461030995332,"E"
293540923,71,34,0,0,UP,1461041044032,"G"
293540923,78,49,0,0,DOWN,1461128420332,"N"
293540923,69,18,0,0,UP,1461140148732,"E"
293540923,78,49,0,0,UP,1461191167632,"N"
293540923,76,38,0,0,DOWN,1461222868232,"L"
293540923,76,38,0,0,UP,1461280590432,"L"
293540923,65,30,0,0,DOWN,1461329442532,"A"
293540923,65,30,0,0,UP,1461367635332,"A"
293540923,78,49,0,0,DOWN,1461423440532,"N"
293540923,78,49,0,0,UP,1461488745332,"N"
293540923,68,32,0,0,DOWN,1461528398632,"D"
293540923,70,33,0,0,DOWN,1461623113932,"F"
293540923,68,32,0,0,UP,1461635501632,"D"
293540923,70,33,0,0,UP,1461704103632,"F"
293540923,72,35,0,0,DOWN,1461728192132,"H"
293540923,66,48,0,0,DOWN,1461826227432,"B"
293540923,72,35,0,0,UP,1461833960832,"H"
293540923,85,22,0,0,DOWN,1461926866132,"U"
293540923,66,48,0,0,UP,1461944396932,"B"
293540923,82,19,0,0,DOWN,1462024989932,"R"
293540923,85,22,0,0,UP,1462038587732,"U"
293540923,71,34,0,0,DOWN,1462127169832,"G"
293540923,82,19,0,0,UP,1462144189632,"R"
293540923,69,18,0,0,DOWN,1462224160832,"E"
293540923,71,34,0,0,UP,1462234662732,"G"
293540923,69,18,0,0,UP,1462329098532,"E"
293540923,78,49,0,0,DOWN,1462336173332,"N"
293540923,78,49,0,0,UP,1462385878532,"N"
293540923,76,38,0,0,DOWN,1462423542332,"L"
293540923,76,38,0,0,UP,1462484114032,"L"
293540923,65,30,0,0,DOWN,1462527823432,"A"
293540923,65,30,0,0,UP,1462566600532,"A"
293540923,78,49,0,0,DOWN,1462623882132,"N"
293540923,78,49,0,0,UP,1462686864832,"N"
293540923,68,32,0,0,DOWN,1462727147232,"D"
293540923,68,32,0,0,UP,1462855725932,"D"
145753069,17,29,0,0,DOWN,1468136502832,"STRG"
145753069,67,46,0,0,DOWN,1468222530032,"C"
