seq,cycle,pos,char,gpio,t0_us,host_rx_ns
0,0,0,F,11,20071201,1392068399832
1,0,1,H,13,20171203,1392179066632
2,0,2,B,4,20271205,1392274181632
3,0,3,U,15,20371208,1392369484732
4,0,4,R,14,20471209,1392480490032
5,0,5,G,10,20571211,1392575086132
6,0,6,E,12,20671213,1392669983632
7,0,7,N,1,20771214,1392781208832
8,0,8,L,2,20871215,1392876029232
9,0,9,A,0,20971217,1392970431032
10,0,10,N,1,21071219,1393081720332
11,0,11,D,5,21171220,1393191508032
12,1,0,F,11,21271319,1393271251332
13,1,1,H,13,21371320,1393383424132
14,1,2,B,4,21471323,1393478892332
15,1,3,U,15,21571325,1393574116132
16,1,4,R,14,21671325,1393669432332
17,1,5,G,10,21771328,1393780357632
18,1,6,E,12,21871329,1393874035732
19,1,7,N,1,21971331,1393969309332
20,1,8,L,2,22071333,1394079639932
21,1,9,A,0,22171334,1394174273232
22,1,10,N,1,22271336,1394268796132
23,1,11,D,5,22371336,1394378335532
24,2,0,F,11,22471352,1394473744332
25,2,1,H,13,22571353,1394568648732
26,2,2,B,4,22671354,1394678583732
27,2,3,U,15,22771356,1394773520732
28,2,4,R,14,22871358,1394869437932
29,2,5,G,10,22971359,1394980785132
30,2,6,E,12,23071361,1395075942932
31,2,7,N,1,23171363,1395171273932
32,2,8,L,2,23271364,1395282079232
33,2,9,A,0,23371366,1395377712732
34,2,10,N,1,23471369,1395473002732
35,2,11,D,5,23571371,1395583387232
36,3,0,F,11,23671373,1395677795432
37,3,1,H,13,23771374,1395773260932
38,3,2,B,4,23871376,1395867313932
39,3,3,U,15,23971377,1395977743732
40,3,4,R,14,24071379,1396071407732
41,3,5,G,10,24171381,1396182749432
42,3,6,E,12,24271384,1396277619732
43,3,7,N,1,24371385,1396373093132
44,3,8,L,2,24471387,1396468653132
45,3,9,A,0,24571388,1396579890032
46,3,10,N,1,24671389,1396675620732
47,3,11,D,5,24771392,1396787081732
48,4,0,F,11,24871394,1396881897132
49,4,1,H,13,24971397,1396976890432
50,4,2,B,4,25071399,1397072955032
51,4,3,U,15,25171400,1397168951132
52,4,4,R,14,25271402,1397278859732
53,4,5,G,10,25371404,1397374699532
54,4,6,E,12,25471405,1397469317432
55,4,7,N,1,25571408,1397580364332
56,4,8,L,2,25671409,1397674441532
57,4,9,A,0,25771410,1397769452132
58,4,10,N,1,25871413,1397879638432
59,4,11,D,5,25971414,1397990837332
60,5,0,F,11,26071416,1398070550232
61,5,1,H,13,26171417,1398181548132
62,5,2,B,4,26271419,1398275904432
63,5,3,U,15,26371421,1398370939732
64,5,4,R,14,26471422,1398481361932
65,5,5,G,10,26571424,1398575045432
66,5,6,E,12,26671426,1398670586232
67,5,7,N,1,26771426,1398781835032
68,5,8,L,2,26871428,1398877354332
69,5,9,A,0,26971429,1398971704732
70,5,10,N,1,27071430,1399083350532
71,5,11,D,5,27171432,1399193211232
72,6,0,F,11,27271435,1399272974332
73,6,1,H,13,27371436,1399367509832
74,6,2,B,4,27471438,1399478297132
75,6,3,U,15,27571439,1399572867832
76,6,4,R,14,27671441,1399667114832
77,6,5,G,10,27771444,1399776913632
78,6,6,E,12,27871445,1399872999332
79,6,7,N,1,27971446,1399967966432
80,6,8,L,2,28071448,1400077438132
81,6,9,A,0,28171450,1400173133732
82,6,10,N,1,28271453,1400268222732
83,6,11,D,5,28371456,1400379286632
84,7,0,F,11,28471458,1400473272132
85,7,1,H,13,28571460,1400568013432
86,7,2,B,4,28671462,1400678030032
87,7,3,U,15,28771463,1400773198932
88,7,4,R,14,28871465,1400868521532
89,7,5,G,10,28971467,1400979397232
90,7,6,E,12,29071469,1401075414332
91,7,7,N,1,29171470,1401171442832
92,7,8,L,2,29271472,1401281153532
93,7,9,A,0,29371473,1401376838432
94,7,10,N,1,29471473,1401470403832
95,7,11,D,5,29571475,1401582131832
96,8,0,F,11,29671476,1401675876832
97,8,1,H,13,29771478,1401770378532
98,8,2,B,4,29871479,1401881395532
99,8,3,U,15,29971481,1401975890832
100,8,4,R,14,30071483,1402071325632
101,8,5,G,10,30171485,1402181486732
102,8,6,E,12,30271488,1402277412432
103,8,7,N,1,30371490,1402373275932
104,8,8,L,2,30471493,1402466769432
105,8,9,A,0,30571495,1402577465732
106,8,10,N,1,30671497,1402672597232
107,8,11,D,5,30771500,1402783119732
108,9,0,F,11,30871502,1402874475232
109,9,1,H,13,30971503,1402969153532
110,9,2,B,4,31071504,1403080320532
111,9,3,U,15,31171505,1403175217932
112,9,4,R,14,31271507,1403269917132
113,9,5,G,10,31371509,1403380414532
114,9,6,E,12,31471512,1403475962832
115,9,7,N,1,31571513,1403570316732
116,9,8,L,2,31671515,1403681671532
117,9,9,A,0,31771516,1403776164532
118,9,10,N,1,31871518,1403872253432
119,9,11,D,5,31971520,1403983937532
120,10,0,F,11,32071523,1404078840932
121,10,1,H,13,32171526,1404174273532
122,10,2,B,4,32271528,1404269982932
123,10,3,U,15,32371529,1404380341932
124,10,4,R,14,32471530,1404475444332
125,10,5,G,10,32571531,1404571553832
126,10,6,E,12,32671532,1404679925532
127,10,7,N,1,32771535,1404775373532
128,10,8,L,2,32871537,1404870678232
129,10,9,A,0,32971539,1404982110632
130,10,10,N,1,33071540,1405067570032
131,10,11,D,5,33171541,1405181026432
132,11,0,F,11,33271543,1405276697432
133,11,1,H,13,33371545,1405371740332
134,11,2,B,4,33471547,1405481253032
135,11,3,U,15,33571549,1405576129932
136,11,4,R,14,33671552,1405671057932
137,11,5,G,10,33771555,1405781759932
138,11,6,E,12,33871558,1405876663932
139,11,7,N,1,33971559,1405971039732
140,11,8,L,2,34071561,1406081690832
141,11,9,A,0,34171563,1406176245832
142,11,10,N,1,34271565,1406271152832
143,11,11,D,5,34371566,1406383720532
144,12,0,F,11,34471568,1406478596632
145,12,1,H,13,34571570,1406574975432
146,12,2,B,4,34671572,1406671525132
147,12,3,U,15,34771573,1406783371732
148,12,4,R,14,34871574,1406879323332
149,12,5,G,10,34971577,1406974150932
150,12,6,E,12,35071580,1407070245332
151,12,7,N,1,35171582,1407181623832
152,12,8,L,2,35271584,1407276517032
153,12,9,A,0,35371586,1407370910032
154,12,10,N,1,35471588,1407481201532
155,12,11,D,5,35571591,1407591022032
156,13,0,F,11,35671594,1407670473332
157,13,1,H,13,35771595,1407781347632
158,13,2,B,4,35871597,1407875233432
159,13,3,U,15,35971599,1407969226232
160,13,4,R,14,36071600,1408080606532
161,13,5,G,10,36171602,1408175970732
162,13,6,E,12,36271604,1408272751932
163,13,7,N,1,36371605,1408367449532
164,13,8,L,2,36471606,1408478590332
165,13,9,A,0,36571609,1408567933132
166,13,10,N,1,36671612,1408679468632
167,13,11,D,5,36771614,1408791005032
168,14,0,F,11,36871616,1408870265832
169,14,1,H,13,36971618,1408980335532
170,14,2,B,4,37071620,1409074894232
171,14,3,U,15,37171622,1409170180632
172,14,4,R,14,37271625,1409281973732
173,14,5,G,10,37371627,1409377628332
174,14,6,E,12,37471629,1409473453932
175,14,7,N,1,37571630,1409569806932
176,14,8,L,2,37671632,1409680955832
177,14,9,A,0,37771634,1409775498632
178,14,10,N,1,37871635,1409870948232
179,14,11,D,5,37971637,1409982086032
180,15,0,F,11,38071639,1410077303532
181,15,1,H,13,38171640,1410173050532
182,15,2,B,4,38271643,1410268891032
183,15,3,U,15,38371645,1410380805432
184,15,4,R,14,38471647,1410477077532
185,15,5,G,10,38571648,1410573159932
186,15,6,E,12,38671649,1410668743532
187,15,7,N,1,38771650,1410778858132
188,15,8,L,2,38871651,1410874723732
189,15,9,A,0,38971652,1410971028132
190,15,10,N,1,39071655,1411081588632
191,15,11,D,5,39171657,1411192898332
192,16,0,F,11,39271659,1411272556932
193,16,1,H,13,39371659,1411367623832
194,16,2,B,4,39471661,1411478370032
195,16,3,U,15,39571663,1411573194832
196,16,4,R,14,39671665,1411668154632
197,16,5,G,10,39771666,1411778464432
198,16,6,E,12,39871668,1411872131232
199,16,7,N,1,39971671,1411968350432
200,16,8,L,2,40071672,1412078360732
201,16,9,A,0,40171673,1412171254832
202,16,10,N,1,40271675,1412280976032
203,16,11,D,5,40371677,1412392305132
204,17,0,F,11,40471679,1412469220232
205,17,1,H,13,40571681,1412579177532
206,17,2,B,4,40671681,1412674457232
207,17,3,U,15,40771682,1412769094432
208,17,4,R,14,40871683,1412866082932
209,17,5,G,10,40971685,1412976425032
210,17,6,E,12,41071687,1413071693432
211,17,7,N,1,41171689,1413181789432
212,17,8,L,2,41271691,1413276637832
213,17,9,A,0,41371693,1413371550832
214,17,10,N,1,41471695,1413482215432
215,17,11,D,5,41571698,1413592899032
216,18,0,F,11,41671699,1413671653832
217,18,1,H,13,41771702,1413781265432
218,18,2,B,4,41871703,1413875760232
219,18,3,U,15,41971705,1413971163232
220,18,4,R,14,42071706,1414081707232
221,18,5,G,10,42171708,1414176297432
222,18,6,E,12,42271710,1414271321832
223,18,7,N,1,42371713,1414381507832
224,18,8,L,2,42471715,1414477007932
225,18,9,A,0,42571716,1414571313632
226,18,10,N,1,42671717,1414680843432
227,18,11,D,5,42771719,1414791121932
228,19,0,F,11,42871721,1414868267532
229,19,1,H,13,42971723,1414976935232
230,19,2,B,4,43071725,1415071715932
231,19,3,U,15,43171727,1415182501232
232,19,4,R,14,43271728,1415277368832
233,19,5,G,10,43371730,1415371155332
234,19,6,E,12,43471732,1415480321632
235,19,7,N,1,43571733,1415575198632
236,19,8,L,2,43671735,1415670340132
237,19,9,A,0,43771736,1415780707132
238,19,10,N,1,43871738,1415873950332
239,19,11,D,5,43971740,1415984441332
240,20,0,F,11,44071742,1416078813632
241,20,1,H,13,44171745,1416174196832
242,20,2,B,4,44271748,1416268407932
243,20,3,U,15,44371750,1416378284532
244,20,4,R,14,44471751,1416472850632
245,20,5,G,10,44571754,1416567168232
246,20,6,E,12,44671757,1416676903532
247,20,7,N,1,44771758,1416770892932
248,20,8,L,2,44871760,1416880936232
249,20,9,A,0,44971761,1416975156332
250,20,10,N,1,45071764,1417069644532
251,20,11,D,5,45171765,1417179974732
252,21,0,F,11,45271767,1417274454632
253,21,1,H,13,45371768,1417369906332
254,21,2,B,4,45471770,1417480305632
255,21,3,U,15,45571772,1417574763632
256,21,4,R,14,45671774,1417669155432
257,21,5,G,10,45771776,1417780176632
258,21,6,E,12,45871778,1417873088832
259,21,7,N,1,45971779,1417967336732
260,21,8,L,2,46071780,1418076750832
261,21,9,A,0,46171782,1418171737832
262,21,10,N,1,46271784,1418281846032
263,21,11,D,5,46371786,1418392126032
264,22,0,F,11,46471787,1418470870332
265,22,1,H,13,46571789,1418580366732
266,22,2,B,4,46671790,1418674298032
267,22,3,U,15,46771791,1418767622532
268,22,4,R,14,46871793,1418877528732
269,22,5,G,10,46971794,1418972430432
270,22,6,E,12,47071796,1419081666832
271,22,7,N,1,47171797,1419177349232
272,22,8,L,2,47271798,1419271318532
273,22,9,A,0,47371800,1419381046532
274,22,10,N,1,47471801,1419474100232
275,22,11,D,5,47571803,1419584029732
276,23,0,F,11,47671806,1419678266232
277,23,1,H,13,47771807,1419771124132
278,23,2,B,4,47871809,1419880842832
279,23,3,U,15,47971812,1419974046532
280,23,4,R,14,48071813,1420067841032
281,23,5,G,10,48171816,1420177292432
282,23,6,E,12,48271818,1420270713532
283,23,7,N,1,48371820,1420380592232
284,23,8,L,2,48471822,1420476048432
285,23,9,A,0,48571824,1420568842532
286,23,10,N,1,48671826,1420678078832
287,23,11,D,5,48771828,1420787692832
288,24,0,F,11,48871830,1420880982932
289,24,1,H,13,48971830,1420974915432
290,24,2,B,4,49071831,1421068237332
291,24,3,U,15,49171834,1421177731532
292,24,4,R,14,49271836,1421271731132
293,24,5,G,10,49371838,1421364834432
294,24,6,E,12,49471841,1421474907532
295,24,7,N,1,49571843,1421569621632
296,24,8,L,2,49671845,1421679444032
297,24,9,A,0,49771847,1421773580532
298,24,10,N,1,49871847,1421867681432
299,24,11,D,5,49971848,1421978453032
300,25,0,F,11,50071850,1422072752232
301,25,1,H,13,50171852,1422166947832
302,25,2,B,4,50271854,1422277198732
303,25,3,U,15,50371856,1422370286832
304,25,4,R,14,50471857,1422478551032
305,25,5,G,10,50571858,1422572753532
306,25,6,E,12,50671860,1422666938732
307,25,7,N,1,50771863,1422778464832
308,25,8,L,2,50871865,1422873837932
309,25,9,A,0,50971868,1422970261332
310,25,10,N,1,51071869,1423081051632
311,25,11,D,5,51171871,1423191709732
312,26,0,F,11,51271873,1423270892032
313,26,1,H,13,51371875,1423381713232
314,26,2,B,4,51471875,1423477543832
315,26,3,U,15,51571877,1423572641632
316,26,4,R,14,51671879,1423667589932
317,26,5,G,10,51771880,1423779405132
318,26,6,E,12,51871883,1423876161732
319,26,7,N,1,51971885,1423972206532
320,26,8,L,2,52071887,1424067832732
321,26,9,A,0,52171889,1424178465832
322,26,10,N,1,52271892,1424273583532
323,26,11,D,5,52371894,1424385125532
324,27,0,F,11,52471897,1424480379532
325,27,1,H,13,52571899,1424576096032
326,27,2,B,4,52671900,1424672230732
327,27,3,U,15,52771901,1424767973032
328,27,4,R,14,52871902,1424879593832
329,27,5,G,10,52971904,1424975770432
330,27,6,E,12,53071905,1425070985332
331,27,7,N,1,53171907,1425182086732
332,27,8,L,2,53271909,1425278542632
333,27,9,A,0,53371911,1425373686232
334,27,10,N,1,53471914,1425469547032
335,27,11,D,5,53571916,1425579871132
336,28,0,F,11,53671918,1425674518432
337,28,1,H,13,53771920,1425768697832
338,28,2,B,4,53871922,1425880284632
339,28,3,U,15,53971924,1425976588832
340,28,4,R,14,54071927,1426071778532
341,28,5,G,10,54171929,1426182657732
342,28,6,E,12,54271931,1426278046732
343,28,7,N,1,54371933,1426374727432
344,28,8,L,2,54471935,1426469506932
345,28,9,A,0,54571937,1426580897532
346,28,10,N,1,54671938,1426676799432
347,28,11,D,5,54771941,1426788756332
348,29,0,F,11,54871942,1426867999732
349,29,1,H,13,54971944,1426979094932
350,29,2,B,4,55071947,1427075161932
351,29,3,U,15,55171948,1427170386132
352,29,4,R,14,55271949,1427281784932
353,29,5,G,10,55371951,1427376910532
354,29,6,E,12,55471953,1427472584432
355,29,7,N,1,55571954,1427567958532
356,29,8,L,2,55671956,1427679801232
357,29,9,A,0,55771959,1427775523332
358,29,10,N,1,55871962,1427860982532
359,29,11,D,5,55971964,1427963790032
360,30,0,F,11,56071967,1428068306132
361,30,1,H,13,56171968,1428179287632
362,30,2,B,4,56271969,1428274696932
363,30,3,U,15,56371971,1428370658232
364,30,4,R,14,56471974,1428480901032
365,30,5,G,10,56571976,1428575585032
366,30,6,E,12,56671978,1428670243832
367,30,7,N,1,56771979,1428780400532
368,30,8,L,2,56871981,1428875489632
369,30,9,A,0,56971983,1428971433732
370,30,10,N,1,57071984,1429083383632
371,30,11,D,5,57171986,1429194966632
372,31,0,F,11,57271988,1429274287032
373,31,1,H,13,57371990,1429368860732
374,31,2,B,4,57471992,1429479416132
375,31,3,U,15,57571995,1429574266932
376,31,4,R,14,57671997,1429668789832
377,31,5,G,10,57772000,1429780394232
378,31,6,E,12,57872002,1429875872932
379,31,7,N,1,57972004,1429971743332
380,31,8,L,2,58072007,1430066650732
381,31,9,A,0,58172009,1430177790132
382,31,10,N,1,58272010,1430272859132
383,31,11,D,5,58372012,1430382540832
384,32,0,F,11,58472014,1430478538932
385,32,1,H,13,58572016,1430574916132
386,32,2,B,4,58672018,1430669569732
387,32,3,U,15,58772019,1430781084632
388,32,4,R,14,58872021,1430876398532
389,32,5,G,10,58972023,1430971863932
390,32,6,E,12,59072025,1431082474932
391,32,7,N,1,59172027,1431178016932
392,32,8,L,2,59272028,1431273375532
393,32,9,A,0,59372029,1431368915632
394,32,10,N,1,59472031,1431479951132
395,32,11,D,5,59572033,1431591420232
396,33,0,F,11,59672036,1431671046132
397,33,1,H,13,59772039,1431782664532
398,33,2,B,4,59872041,1431878415232
399,33,3,U,15,59972043,1431974521332
400,33,4,R,14,60072044,1432070320632
401,33,5,G,10,60172046,1432181637632
402,33,6,E,12,60272048,1432277223832
403,33,7,N,1,60372051,1432372487632
404,33,8,L,2,60472054,1432467596532
405,33,9,A,0,60572056,1432577858432
406,33,10,N,1,60672056,1432672222732
407,33,11,D,5,60772058,1432782034732
408,34,0,F,11,60872060,1432877128632
409,34,1,H,13,60972062,1432972511932
410,34,2,B,4,61072065,1433068361532
411,34,3,U,15,61172066,1433180069832
412,34,4,R,14,61272067,1433275946032
413,34,5,G,10,61372069,1433369749832
414,34,6,E,12,61472072,1433480140632
415,34,7,N,1,61572074,1433574602132
416,34,8,L,2,61672076,1433669523832
417,34,9,A,0,61772078,1433780308232
418,34,10,N,1,61872079,1433874852332
419,34,11,D,5,61972081,1433985774232
420,35,0,F,11,62072083,1434081238032
421,35,1,H,13,62172085,1434176369332
422,35,2,B,4,62272086,1434271935632
423,35,3,U,15,62372088,1434366971832
424,35,4,R,14,62472090,1434478298332
425,35,5,G,10,62572092,1434573737832
426,35,6,E,12,62672094,1434668909632
427,35,7,N,1,62772097,1434780243232
428,35,8,L,2,62872100,1434877067932
429,35,9,A,0,62972101,1434972500532
430,35,10,N,1,63072102,1435067292832
431,35,11,D,5,63172104,1435178244232
432,36,0,F,11,63272107,1435274576432
433,36,1,H,13,63372108,1435369194832
434,36,2,B,4,63472109,1435479982032
435,36,3,U,15,63572111,1435575915732
436,36,4,R,14,63672112,1435671959432
437,36,5,G,10,63772114,1435781671532
438,36,6,E,12,63872116,1435877247632
439,36,7,N,1,63972116,1435973286532
440,36,8,L,2,64072119,1436069031132
441,36,9,A,0,64172121,1436180694732
442,36,10,N,1,64272123,1436276433832
443,36,11,D,5,64372124,1436389009432
444,37,0,F,11,64472126,1436483146132
445,37,1,H,13,64572127,1436579232132
446,37,2,B,4,64672129,1436675477532
447,37,3,U,15,64772130,1436771375932
448,37,4,R,14,64872131,1436882943432
449,37,5,G,10,64972133,1436978760132
450,37,6,E,12,65072135,1437074783832
451,37,7,N,1,65172137,1437169485332
452,37,8,L,2,65272138,1437281026832
453,37,9,A,0,65372140,1437376539832
454,37,10,N,1,65472142,1437472918732
455,37,11,D,5,65572144,1437584568132
456,38,0,F,11,65672146,1437679125032
457,38,1,H,13,65772148,1437773933332
458,38,2,B,4,65872150,1437869976332
459,38,3,U,15,65972151,1437982278532
460,38,4,R,14,66072154,1438078661032
461,38,5,G,10,66172154,1438173550532
462,38,6,E,12,66272154,1438269537332
463,38,7,N,1,66372156,1438382177332
464,38,8,L,2,66472159,1438477086132
465,38,9,A,0,66572161,1438572756732
466,38,10,N,1,66672164,1438668517632
467,38,11,D,5,66772165,1438779943932
468,39,0,F,11,66872168,1438875522032
469,39,1,H,13,66972171,1438972368432
470,39,2,B,4,67072173,1439067453732
471,39,3,U,15,67172175,1439178811532
472,39,4,R,14,67272177,1439273002232
473,39,5,G,10,67372179,1439368566832
474,39,6,E,12,67472180,1439480733832
475,39,7,N,1,67572181,1439576348132
476,39,8,L,2,67672183,1439670763932
477,39,9,A,0,67772185,1439782273432
478,39,10,N,1,67872187,1439877797232
479,39,11,D,5,67972189,1439980325632
480,40,0,F,11,68072191,1440075952132
481,40,1,H,13,68172193,1440171804032
482,40,2,B,4,68272194,1440266804132
483,40,3,U,15,68372195,1440377774932
484,40,4,R,14,68472198,1440471512132
485,40,5,G,10,68572200,1440582696032
486,40,6,E,12,68672202,1440678245632
487,40,7,N,1,68772203,1440773574532
488,40,8,L,2,68872204,1440868881332
489,40,9,A,0,68972206,1440981267932
490,40,10,N,1,69072208,1441075894532
491,40,11,D,5,69172210,1441187821332
492,41,0,F,11,69272211,1441267795532
493,41,1,H,13,69372213,1441378908032
494,41,2,B,4,69472215,1441474306332
495,41,3,U,15,69572217,1441569888632
496,41,4,R,14,69672218,1441681111932
497,41,5,G,10,69772220,1441776242832
498,41,6,E,12,69872222,1441870890032
499,41,7,N,1,69972224,1441983497132
500,41,8,L,2,70072226,1442079090132
501,41,9,A,0,70172228,1442174423632
502,41,10,N,1,70272229,1442270956232
503,41,11,D,5,70372230,1442381927032
504,42,0,F,11,70472231,1442477217332
505,42,1,H,13,70572233,1442571964532
506,42,2,B,4,70672236,1442668043132
507,42,3,U,15,70772238,1442779796532
508,42,4,R,14,70872240,1442876730332
509,42,5,G,10,70972242,1442972205732
510,42,6,E,12,71072245,1443067626332
511,42,7,N,1,71172247,1443179784332
512,42,8,L,2,71272249,1443274773232
513,42,9,A,0,71372251,1443370759532
514,42,10,N,1,71472254,1443482043532
515,42,11,D,5,71572255,1443594263432
516,43,0,F,11,71672257,1443674030532
517,43,1,H,13,71772258,1443769839132
518,43,2,B,4,71872260,1443881404132
519,43,3,U,15,71972262,1443978167732
520,43,4,R,14,72072264,1444073385632
521,43,5,G,10,72172267,1444167915732
522,43,6,E,12,72272268,1444278731932
523,43,7,N,1,72372271,1444373946132
524,43,8,L,2,72472273,1444470919432
525,43,9,A,0,72572275,1444581395132
526,43,10,N,1,72672277,1444677515432
527,43,11,D,5,72772278,1444788467232
528,44,0,F,11,72872280,1444867731232
529,44,1,H,13,72972282,1444978614932
530,44,2,B,4,73072283,1445074372932
531,44,3,U,15,73172284,1445169315332
532,44,4,R,14,73272286,1445283517332
533,44,5,G,10,73372288,1445378233932
534,44,6,E,12,73472291,1445473782132
535,44,7,N,1,73572293,1445568731032
536,44,8,L,2,73672295,1445680590232
537,44,9,A,0,73772296,1445775836332
538,44,10,N,1,73872298,1445871056732
539,44,11,D,5,73972300,1445981911632
540,45,0,F,11,74072302,1446077327132
541,45,1,H,13,74172303,1446173884132
542,45,2,B,4,74272305,1446268801532
543,45,3,U,15,74372307,1446381022832
544,45,4,R,14,74472308,1446475911932
545,45,5,G,10,74572310,1446571948032
546,45,6,E,12,74672313,1446668499232
547,45,7,N,1,74772316,1446780348632
548,45,8,L,2,74872316,1446876430632
549,45,9,A,0,74972319,1446971623432
550,45,10,N,1,75072321,1447067368632
551,45,11,D,5,75172323,1447178821232
552,46,0,F,11,75272325,1447274511432
553,46,1,H,13,75372326,1447369867032
554,46,2,B,4,75472328,1447481362432
555,46,3,U,15,75572330,1447576675432
556,46,4,R,14,75672330,1447671924932
557,46,5,G,10,75772331,1447767601732
558,46,6,E,12,75872332,1447878496732
559,46,7,N,1,75972332,1447973997432
560,46,8,L,2,76072334,1448071254432
561,46,9,A,0,76172336,1448181532432
562,46,10,N,1,76272338,1448275974632
563,46,11,D,5,76372341,1448387489332
564,47,0,F,11,76472343,1448482826332
565,47,1,H,13,76572346,1448579014132
566,47,2,B,4,76672348,1448674182432
567,47,3,U,15,76772350,1448769559032
568,47,4,R,14,76872353,1448880702032
569,47,5,G,10,76972356,1448976507232
570,47,6,E,12,77072358,1449072339332
571,47,7,N,1,77172361,1449167964432
572,47,8,L,2,77272363,1449280059332
573,47,9,A,0,77372365,1449374942232
574,47,10,N,1,77472367,1449470561032
575,47,11,D,5,77572368,1449581810132
576,48,0,F,11,77672370,1449677260332
577,48,1,H,13,77772371,1449773523332
578,48,2,B,4,77872372,1449868912432
579,48,3,U,15,77972374,1449980584732
580,48,4,R,14,78072376,1450076000432
581,48,5,G,10,78172378,1450171068332
582,48,6,E,12,78272380,1450282251332
583,48,7,N,1,78372381,1450377822232
584,48,8,L,2,78472383,1450474985032
585,48,9,A,0,78572385,1450570153932
586,48,10,N,1,78672387,1450681640132
587,48,11,D,5,78772389,1450793851832
588,49,0,F,11,78872392,1450874095032
589,49,1,H,13,78972393,1450969099932
590,49,2,B,4,79072396,1451081050532
591,49,3,U,15,79172398,1451177402032
592,49,4,R,14,79272400,1451272322232
593,49,5,G,10,79372403,1451368157132
594,49,6,E,12,79472405,1451478599332
595,49,7,N,1,79572406,1451574550032
596,49,8,L,2,79672408,1451669627032
597,49,9,A,0,79772410,1451781396132
598,49,10,N,1,79872413,1451876249532
599,49,11,D,5,79972414,1451988480732
600,50,0,F,11,80072416,1452067910432
601,50,1,H,13,80172417,1452179615532
602,50,2,B,4,80272419,1452275247632
603,50,3,U,15,80372421,1452371539432
604,50,4,R,14,80472423,1452482221232
605,50,5,G,10,80572426,1452578437032
606,50,6,E,12,80672428,1452674392732
607,50,7,N,1,80772429,1452770145532
608,50,8,L,2,80872431,1452882200932
609,50,9,A,0,80972434,1452977933532
610,50,10,N,1,81072435,1453073561132
611,50,11,D,5,81172437,1453185688432
612,51,0,F,11,81272439,1453280435532
613,51,1,H,13,81372441,1453375975232
614,51,2,B,4,81472443,1453471239432
615,51,3,U,15,81572445,1453581599932
616,51,4,R,14,81672448,1453676897432
617,51,5,G,10,81772449,1453772472732
618,51,6,E,12,81872450,1453867982732
619,51,7,N,1,81972453,1453978252132
620,51,8,L,2,82072455,1454073571032
621,51,9,A,0,82172458,1454168553232
622,51,10,N,1,82272459,1454279953232
623,51,11,D,5,82372461,1454391667132
624,52,0,F,11,82472463,1454471159732
625,52,1,H,13,82572465,1454582193132
626,52,2,B,4,82672468,1454677502432
627,52,3,U,15,82772470,1454773302132
628,52,4,R,14,82872471,1454868313432
629,52,5,G,10,82972473,1454980362432
630,52,6,E,12,83072475,1455074545532
631,52,7,N,1,83172476,1455169677332
632,52,8,L,2,83272478,1455281726432
633,52,9,A,0,83372481,1455378808732
634,52,10,N,1,83472484,1455474568732
635,52,11,D,5,83572484,1455585448432
636,53,0,F,11,83672486,1455681114832
637,53,1,H,13,83772487,1455776324732
638,53,2,B,4,83872489,1455870664532
639,53,3,U,15,83972490,1455982256732
640,53,4,R,14,84072493,1456078701632
641,53,5,G,10,84172495,1456174012732
642,53,6,E,12,84272496,1456269707732
643,53,7,N,1,84372499,1456380632232
644,53,8,L,2,84472501,1456475856632
645,53,9,A,0,84572503,1456571084932
646,53,10,N,1,84672506,1456681594532
647,53,11,D,5,84772508,1456793412332
648,54,0,F,11,84872511,1456872701532
649,54,1,H,13,84972513,1456968339632
650,54,2,B,4,85072515,1457079462332
651,54,3,U,15,85172515,1457173718732
652,54,4,R,14,85272518,1457269704732
653,54,5,G,10,85372521,1457380657832
654,54,6,E,12,85472522,1457475848832
655,54,7,N,1,85572523,1457572622932
656,54,8,L,2,85672525,1457667283132
657,54,9,A,0,85772527,1457778752232
658,54,10,N,1,85872529,1457873797032
659,54,11,D,5,85972531,1457985791132
660,55,0,F,11,86072533,1458081047632
661,55,1,H,13,86172535,1458177154332
662,55,2,B,4,86272538,1458272565732
663,55,3,U,15,86372540,1458368226032
664,55,4,R,14,86472542,1458479459032
665,55,5,G,10,86572545,1458573402932
666,55,6,E,12,86672547,1458669308632
667,55,7,N,1,86772549,1458780365132
668,55,8,L,2,86872551,1458875788332
669,55,9,A,0,86972553,1458972217332
670,55,10,N,1,87072554,1459082867132
671,55,11,D,5,87172556,1459193916032
672,56,0,F,11,87272558,1459273956432
673,56,1,H,13,87372560,1459368667732
674,56,2,B,4,87472561,1459479279732
675,56,3,U,15,87572563,1459574689432
676,56,4,R,14,87672565,1459669353632
677,56,5,G,10,87772566,1459779883332
678,56,6,E,12,87872569,1459875545732
679,56,7,N,1,87972570,1459970884932
680,56,8,L,2,88072572,1460082417532
681,56,9,A,0,88172574,1460177618132
682,56,10,N,1,88272575,1460273293732
683,56,11,D,5,88372577,1460385974932
684,57,0,F,11,88472580,1460482061632
685,57,1,H,13,88572581,1460577366632
686,57,2,B,4,88672582,1460673238432
687,57,3,U,15,88772584,1460768380132
688,57,4,R,14,88872585,1460880372632
689,57,5,G,10,88972587,1460975565632
690,57,6,E,12,89072588,1461071142132
691,57,7,N,1,89172590,1461183005032
692,57,8,L,2,89272593,1461278222632
693,57,9,A,0,89372596,1461373222332
694,57,10,N,1,89472598,1461467316532
695,57,11,D,5,89572599,1461577012932
696,58,0,F,11,89672601,1461673317432
697,58,1,H,13,89772603,1461769245532
698,58,2,B,4,89872605,1461880837532
699,58,3,U,15,89972607,1461977139732
700,58,4,R,14,90072610,1462072989032
701,58,5,G,10,90172611,1462168291432
702,58,6,E,12,90272613,1462279683932
703,58,7,N,1,90372614,1462374404432
704,58,8,L,2,90472616,1462468288832
705,58,9,A,0,90572618,1462578484132
706,58,10,N,1,90672618,1462672375832
