seq,cycle,pos,char,gpio,t0_ns,t1_ns,t_latency_ns,valid,t_latency_ms,t_latency_ns_raw
0,0,0,F,11,20071201000,1392023917432,-3075750,True,-3.07575,1371952716432
1,0,1,H,13,20171203000,1392130099332,3104150,True,3.10415,1371958896332
2,0,2,B,4,20271205000,1392226814432,-182750,True,-0.18275,1371955609432
3,0,3,U,15,20371208000,1392327973932,973750,True,0.97375,1371956765932
4,0,4,R,14,20471209000,1392423179832,-3821350,True,-3.82135,1371951970832
5,0,5,G,10,20571211000,1392527679932,676750,True,0.67675,1371956468932
6,0,6,E,12,20671213000,1392632129932,5124750,True,5.12475,1371960916932
7,0,7,N,1,20771214000,1392727061932,55750,True,0.05575,1371955847932
7,0,7,N,1,20771214000,1392727061932,55750,True,0.05575,1371955847932
8,0,8,L,2,20871215000,1392826951432,-55750,True,-0.05575,1371955736432
9,0,9,A,0,20971217000,1392920519232,-6489950,True,-6.48995,1371949302232
10,0,10,N,1,21071219000,1393023894232,-3116950,True,-3.11695,1371952675232
10,0,10,N,1,21071219000,1393023894232,-3116950,True,-3.11695,1371952675232
11,0,11,D,5,21171220000,1393128684432,1672250,True,1.67225,1371957464432
12,1,0,F,11,21271319000,1393223853732,-3257450,True,-3.25745,1371952534732
13,1,1,H,13,21371320000,1393320384132,-6728050,True,-6.72805,1371949064132
14,1,2,B,4,21471323000,1393425226732,-1888450,True,-1.88845,1371953903732
15,1,3,U,15,21571325000,1393529021932,1904750,True,1.90475,1371957696932
16,1,4,R,14,21671325000,1393624146532,-2970650,True,-2.97065,1371952821532
17,1,5,G,10,21771328000,1393727880332,760150,True,0.76015,1371956552332
18,1,6,E,12,21871329000,1393823581832,-3539350,True,-3.53935,1371952252832
19,1,7,N,1,21971331000,1393929245832,2122650,True,2.12265,1371957914832
19,1,7,N,1,21971331000,1393929245832,2122650,True,2.12265,1371957914832
20,1,8,L,2,22071333000,1394024250332,-2874850,True,-2.87485,1371952917332
21,1,9,A,0,22171334000,1394127479232,353050,True,0.35305,1371956145232
22,1,10,N,1,22271336000,1394223635032,-3493150,True,-3.49315,1371952299032
22,1,10,N,1,22271336000,1394223635032,-3493150,True,-3.49315,1371952299032
23,1,11,D,5,22371336000,1394328779732,1651550,True,1.65155,1371957443732
24,2,0,F,11,22471352000,1394422974132,-4170050,True,-4.17005,1371951622132
25,2,1,H,13,22571353000,1394527681232,536050,True,0.53605,1371956328232
26,2,2,B,4,22671354000,1394624869032,-2277150,True,-2.27715,1371953515032
27,2,3,U,15,22771356000,1394727353632,205450,True,0.20545,1371955997632
28,2,4,R,14,22871358000,1394823238132,-3912050,True,-3.91205,1371951880132
29,2,5,G,10,22971359000,1394927505632,354450,True,0.35445,1371956146632
30,2,6,E,12,23071361000,1395023473832,-3679350,True,-3.67935,1371952112832
31,2,7,N,1,23171363000,1395133686432,6531250,True,6.53125,1371962323432
31,2,7,N,1,23171363000,1395133686432,6531250,True,6.53125,1371962323432
32,2,8,L,2,23271364000,1395223596632,-3559550,True,-3.55955,1371952232632
33,2,9,A,0,23371366000,1395319695832,-7462350,True,-7.46235,1371948329832
34,2,10,N,1,23471369000,1395423515732,-3645450,True,-3.64545,1371952146732
34,2,10,N,1,23471369000,1395423515732,-3645450,True,-3.64545,1371952146732
35,2,11,D,5,23571371000,1395527252232,89050,True,0.08905,1371955881232
36,3,0,F,11,23671373000,1395624701232,-2463950,True,-2.46395,1371953328232
37,3,1,H,13,23771374000,1395727197532,31350,True,0.03135,1371955823532
38,3,2,B,4,23871376000,1395825145432,-2022750,True,-2.02275,1371953769432
39,3,3,U,15,23971377000,1395921311232,-5857950,True,-5.85795,1371949934232
40,3,4,R,14,24071379000,1396024747332,-2423850,True,-2.42385,1371953368332
41,3,5,G,10,24171381000,1396119624532,-7548650,True,-7.54865,1371948243532
42,3,6,E,12,24271384000,1396232110032,4933850,True,4.93385,1371960726032
43,3,7,N,1,24371385000,1396320388332,-6788850,True,-6.78885,1371949003332
43,3,7,N,1,24371385000,1396320388332,-6788850,True,-6.78885,1371949003332
44,3,8,L,2,24471387000,1396422985932,-4193250,True,-4.19325,1371951598932
45,3,9,A,0,24571388000,1396520846532,-6333650,True,-6.33365,1371949458532
46,3,10,N,1,24671389000,1396623877632,-3303550,True,-3.30355,1371952488632
46,3,10,N,1,24671389000,1396623877632,-3303550,True,-3.30355,1371952488632
47,3,11,D,5,24771392000,1396729123832,1939650,True,1.93965,1371957731832
48,4,0,F,11,24871394000,1396823224332,-3961850,True,-3.96185,1371951830332
49,4,1,H,13,24971397000,1396927677832,488650,True,0.48865,1371956280832
50,4,2,B,4,25071399000,1397024798832,-2392350,True,-2.39235,1371953399832
51,4,3,U,15,25171400000,1397128606932,1414750,True,1.41475,1371957206932
52,4,4,R,14,25271402000,1397223056932,-4137250,True,-4.13725,1371951654932
53,4,5,G,10,25371404000,1397327351832,155650,True,0.15565,1371955947832
54,4,6,E,12,25471405000,1397423118332,-4078850,True,-4.07885,1371951713332
55,4,7,N,1,25571408000,1397527349532,149350,True,0.14935,1371955941532
55,4,7,N,1,25571408000,1397527349532,149350,True,0.14935,1371955941532
56,4,8,L,2,25671409000,1397624847932,-2353250,True,-2.35325,1371953438932
57,4,9,A,0,25771410000,1397730998132,3795950,True,3.79595,1371959588132
58,4,10,N,1,25871413000,1397823285632,-3919550,True,-3.91955,1371951872632
58,4,10,N,1,25871413000,1397823285632,-3919550,True,-3.91955,1371951872632
59,4,11,D,5,25971414000,1397928452132,1245950,True,1.24595,1371957038132
60,5,0,F,11,26071416000,1398025647632,-1560550,True,-1.56055,1371954231632
61,5,1,H,13,26171417000,1398128823732,1614550,True,1.61455,1371957406732
62,5,2,B,4,26271419000,1398223916032,-3295150,True,-3.29515,1371952497032
63,5,3,U,15,26371421000,1398333190332,5977150,True,5.97715,1371961769332
64,5,4,R,14,26471422000,1398423216132,-3998050,True,-3.99805,1371951794132
65,5,5,G,10,26571424000,1398527803032,586850,True,0.58685,1371956379032
66,5,6,E,12,26671426000,1398629835332,2617150,True,2.61715,1371958409332
67,5,7,N,1,26771426000,1398728001832,783650,True,0.78365,1371956575832
67,5,7,N,1,26771426000,1398728001832,783650,True,0.78365,1371956575832
68,5,8,L,2,26871428000,1398823694332,-3525850,True,-3.52585,1371952266332
69,5,9,A,0,26971429000,1398919801832,-7419350,True,-7.41935,1371948372832
70,5,10,N,1,27071430000,1399023847832,-3374350,True,-3.37435,1371952417832
70,5,10,N,1,27071430000,1399023847832,-3374350,True,-3.37435,1371952417832
71,5,11,D,5,27171432000,1399129915232,2691050,True,2.69105,1371958483232
72,6,0,F,11,27271435000,1399223987332,-3239850,True,-3.23985,1371952552332
73,6,1,H,13,27371436000,1399320562432,-6665750,True,-6.66575,1371949126432
74,6,2,B,4,27471438000,1399423848632,-3381550,True,-3.38155,1371952410632
75,6,3,U,15,27571439000,1399519233132,-7998050,True,-7.99805,1371947794132
76,6,4,R,14,27671441000,1399624320532,-2912650,True,-2.91265,1371952879532
77,6,5,G,10,27771444000,1399720493832,-6742350,True,-6.74235,1371949049832
78,6,6,E,12,27871445000,1399837057032,9819850,True,9.81985,1371965612032
79,6,7,N,1,27971446000,1399928438332,1200150,True,1.20015,1371956992332
79,6,7,N,1,27971446000,1399928438332,1200150,True,1.20015,1371956992332
80,6,8,L,2,28071448000,1400024645132,-2595050,True,-2.59505,1371953197132
81,6,9,A,0,28171450000,1400127600832,358650,True,0.35865,1371956150832
82,6,10,N,1,28271453000,1400224090332,-3154850,True,-3.15485,1371952637332
82,6,10,N,1,28271453000,1400224090332,-3154850,True,-3.15485,1371952637332
83,6,11,D,5,28371456000,1400327262132,13950,True,0.01395,1371955806132
84,7,0,F,11,28471458000,1400423309432,-3940750,True,-3.94075,1371951851432
85,7,1,H,13,28571460000,1400527646232,394050,True,0.39405,1371956186232
86,7,2,B,4,28671462000,1400623075132,-4179050,True,-4.17905,1371951613132
87,7,3,U,15,28771463000,1400728328532,1073350,True,1.07335,1371956865532
88,7,4,R,14,28871465000,1400824969832,-2287350,True,-2.28735,1371953504832
89,7,5,G,10,28971467000,1400927939032,679850,True,0.67985,1371956472032
90,7,6,E,12,29071469000,1401023714732,-3546450,True,-3.54645,1371952245732
91,7,7,N,1,29171470000,1401134940832,7678650,True,7.67865,1371963470832
91,7,7,N,1,29171470000,1401134940832,7678650,True,7.67865,1371963470832
92,7,8,L,2,29271472000,1401223507732,-3756450,True,-3.75645,1371952035732
93,7,9,A,0,29371473000,1401329081532,1816350,True,1.81635,1371957608532
94,7,10,N,1,29471473000,1401423302132,-3963050,True,-3.96305,1371951829132
94,7,10,N,1,29471473000,1401423302132,-3963050,True,-3.96305,1371951829132
95,7,11,D,5,29571475000,1401528097032,829850,True,0.82985,1371956622032
96,8,0,F,11,29671476000,1401624027432,-3240750,True,-3.24075,1371952551432
97,8,1,H,13,29771478000,1401727922132,651950,True,0.65195,1371956444132
98,8,2,B,4,29871479000,1401824190432,-3080750,True,-3.08075,1371952711432
99,8,3,U,15,29971481000,1401928657532,1384350,True,1.38435,1371957176532
100,8,4,R,14,30071483000,1402024950932,-2324250,True,-2.32425,1371953467932
101,8,5,G,10,30171485000,1402127583732,306550,True,0.30655,1371956098732
102,8,6,E,12,30271488000,1402225326332,-1953850,True,-1.95385,1371953838332
103,8,7,N,1,30371490000,1402325012632,-2269550,True,-2.26955,1371953522632
103,8,7,N,1,30371490000,1402325012632,-2269550,True,-2.26955,1371953522632
104,8,8,L,2,30471493000,1402425064432,-2220750,True,-2.22075,1371953571432
105,8,9,A,0,30571495000,1402519894632,-7392550,True,-7.39255,1371948399632
106,8,10,N,1,30671497000,1402633432932,6143750,True,6.14375,1371961935932
106,8,10,N,1,30671497000,1402633432932,6143750,True,6.14375,1371961935932
107,8,11,D,5,30771500000,1402729517332,2225150,True,2.22515,1371958017332
108,9,0,F,11,30871502000,1402825650532,-1643650,True,-1.64365,1371954148532
109,9,1,H,13,30971503000,1402920599732,-6695450,True,-6.69545,1371949096732
110,9,2,B,4,31071504000,1403023461632,-3834550,True,-3.83455,1371951957632
111,9,3,U,15,31171505000,1403119781532,-7515650,True,-7.51565,1371948276532
112,9,4,R,14,31271507000,1403225468532,-1830650,True,-1.83065,1371953961532
113,9,5,G,10,31371509000,1403329451532,2150350,True,2.15035,1371957942532
114,9,6,E,12,31471512000,1403425404432,-1899750,True,-1.89975,1371953892432
115,9,7,N,1,31571513000,1403527816132,510950,True,0.51095,1371956303132
115,9,7,N,1,31571513000,1403527816132,510950,True,0.51095,1371956303132
116,9,8,L,2,31671515000,1403625161832,-2145350,True,-2.14535,1371953646832
117,9,9,A,0,31771516000,1403728541332,1233150,True,1.23315,1371957025332
118,9,10,N,1,31871518000,1403825068332,-2241850,True,-2.24185,1371953550332
118,9,10,N,1,31871518000,1403825068332,-2241850,True,-2.24185,1371953550332
119,9,11,D,5,31971520000,1403927250132,-62050,True,-0.06205,1371955730132
120,10,0,F,11,32071523000,1404024795032,-2520150,True,-2.52015,1371953272032
121,10,1,H,13,32171526000,1404127360532,42350,True,0.04235,1371955834532
122,10,2,B,4,32271528000,1404225562432,-1757750,True,-1.75775,1371954034432
123,10,3,U,15,32371529000,1404329035432,1714250,True,1.71425,1371957506432
124,10,4,R,14,32471530000,1404425390032,-1932150,True,-1.93215,1371953860032
125,10,5,G,10,32571531000,1404529390232,2067050,True,2.06705,1371957859232
126,10,6,E,12,32671532000,1404623959932,-3364250,True,-3.36425,1371952427932
127,10,7,N,1,32771535000,1404731542132,4214950,True,4.21495,1371960007132
127,10,7,N,1,32771535000,1404731542132,4214950,True,4.21495,1371960007132
128,10,8,L,2,32871537000,1404823092632,-4236550,True,-4.23655,1371951555632
129,10,9,A,0,32971539000,1404928147632,816450,True,0.81645,1371956608632
130,10,10,N,1,33071540000,1405024956532,-2375650,True,-2.37565,1371953416532
130,10,10,N,1,33071540000,1405024956532,-2375650,True,-2.37565,1371953416532
131,10,11,D,5,33171541000,1405129269932,1936750,True,1.93675,1371957728932
132,11,0,F,11,33271543000,1405223454432,-3880750,True,-3.88075,1371951911432
133,11,1,H,13,33371545000,1405327892232,555050,True,0.55505,1371956347232
134,11,2,B,4,33471547000,1405424854332,-2484850,True,-2.48485,1371953307332
135,11,3,U,15,33571549000,1405528508832,1167650,True,1.16765,1371956959832
136,11,4,R,14,33671552000,1405626071032,-1273150,True,-1.27315,1371954519032
137,11,5,G,10,33771555000,1405728750632,1403450,True,1.40345,1371957195632
138,11,6,E,12,33871558000,1405823362032,-3988150,True,-3.98815,1371951804032
139,11,7,N,1,33971559000,1405928499932,1148750,True,1.14875,1371956940932
139,11,7,N,1,33971559000,1405928499932,1148750,True,1.14875,1371956940932
140,11,8,L,2,34071561000,1406026249532,-1103650,True,-1.10365,1371954688532
141,11,9,A,0,34171563000,1406119682032,-7673150,True,-7.67315,1371948119032
142,11,10,N,1,34271565000,1406223955832,-3401350,True,-3.40135,1371952390832
142,11,10,N,1,34271565000,1406223955832,-3401350,True,-3.40135,1371952390832
143,11,11,D,5,34371566000,1406327176732,-181450,True,-0.18145,1371955610732
144,12,0,F,11,34471568000,1406423964532,-3395650,True,-3.39565,1371952396532
145,12,1,H,13,34571570000,1406519832032,-7530150,True,-7.53015,1371948262032
146,12,2,B,4,34671572000,1406627070232,-293950,True,-0.29395,1371955498232
147,12,3,U,15,34771573000,1406730859232,3494050,True,3.49405,1371959286232
149,12,5,G,10,34971577000,1406928870132,1500950,True,1.50095,1371957293132
150,12,6,E,12,35071580000,1407025768232,-1603950,True,-1.60395,1371954188232
151,12,7,N,1,35171582000,1407128077232,703050,True,0.70305,1371956495232
151,12,7,N,1,35171582000,1407128077232,703050,True,0.70305,1371956495232
152,12,8,L,2,35271584000,1407223184832,-4191350,True,-4.19135,1371951600832
153,12,9,A,0,35371586000,1407326851532,-526650,True,-0.52665,1371955265532
154,12,10,N,1,35471588000,1407423111832,-4268350,True,-4.26835,1371951523832
154,12,10,N,1,35471588000,1407423111832,-4268350,True,-4.26835,1371951523832
155,12,11,D,5,35571591000,1407527451332,68150,True,0.06815,1371955860332
156,13,0,F,11,35671594000,1407623165632,-4220550,True,-4.22055,1371951571632
157,13,1,H,13,35771595000,1407727714332,327150,True,0.32715,1371956119332
158,13,2,B,4,35871597000,1407823439432,-3949750,True,-3.94975,1371951842432
159,13,3,U,15,35971599000,1407927230832,-160350,True,-0.16035,1371955631832
160,13,4,R,14,36071600000,1408024406232,-2985950,True,-2.98595,1371952806232
161,13,5,G,10,36171602000,1408127496132,101950,True,0.10195,1371955894132
162,13,6,E,12,36271604000,1408223070532,-4325650,True,-4.32565,1371951466532
163,13,7,N,1,36371605000,1408327071632,-325550,True,-0.32555,1371955466632
163,13,7,N,1,36371605000,1408327071632,-325550,True,-0.32555,1371955466632
164,13,8,L,2,36471606000,1408424066832,-3331350,True,-3.33135,1371952460832
165,13,9,A,0,36571609000,1408527885432,484250,True,0.48425,1371956276432
166,13,10,N,1,36671612000,1408623982432,-3421750,True,-3.42175,1371952370432
166,13,10,N,1,36671612000,1408623982432,-3421750,True,-3.42175,1371952370432
167,13,11,D,5,36771614000,1408727549332,143150,True,0.14315,1371955935332
168,14,0,F,11,36871616000,1408824570632,-2837550,True,-2.83755,1371952954632
169,14,1,H,13,36971618000,1408928460132,1049950,True,1.04995,1371956842132
170,14,2,B,4,37071620000,1409024317632,-3094550,True,-3.09455,1371952697632
171,14,3,U,15,37171622000,1409127843532,429350,True,0.42935,1371956221532
172,14,4,R,14,37271625000,1409223689532,-3727650,True,-3.72765,1371952064532
173,14,5,G,10,37371627000,1409328977132,1557950,True,1.55795,1371957350132
174,14,6,E,12,37471629000,1409432113432,4692250,True,4.69225,1371960484432
175,14,7,N,1,37571630000,1409521126832,-6295350,True,-6.29535,1371949496832
175,14,7,N,1,37571630000,1409521126832,-6295350,True,-6.29535,1371949496832
176,14,8,L,2,37671632000,1409625381632,-2042550,True,-2.04255,1371953749632
177,14,9,A,0,37771634000,1409721038832,-6387350,True,-6.38735,1371949404832
178,14,10,N,1,37871635000,1409823328732,-4098450,True,-4.09845,1371951693732
178,14,10,N,1,37871635000,1409823328732,-4098450,True,-4.09845,1371951693732
179,14,11,D,5,37971637000,1409929295732,1866550,True,1.86655,1371957658732
180,15,0,F,11,38071639000,1410024197232,-3233950,True,-3.23395,1371952558232
181,15,1,H,13,38171640000,1410127512532,80350,True,0.08035,1371955872532
182,15,2,B,4,38271643000,1410225889532,-1545650,True,-1.54565,1371954246532
183,15,3,U,15,38371645000,1410329895032,2457850,True,2.45785,1371958250032
184,15,4,R,14,38471647000,1410423216532,-4222650,True,-4.22265,1371951569532
185,15,5,G,10,38571648000,1410527395532,-44650,True,-0.04465,1371955747532
186,15,6,E,12,38671649000,1410625173432,-2267750,True,-2.26775,1371953524432
187,15,7,N,1,38771650000,1410727647132,204950,True,0.20495,1371955997132
187,15,7,N,1,38771650000,1410727647132,204950,True,0.20495,1371955997132
188,15,8,L,2,38871651000,1410824493532,-2949650,True,-2.94965,1371952842532
189,15,9,A,0,38971652000,1410928267632,823450,True,0.82345,1371956615632
190,15,10,N,1,39071655000,1411025020332,-2426850,True,-2.42685,1371953365332
190,15,10,N,1,39071655000,1411025020332,-2426850,True,-2.42685,1371953365332
191,15,11,D,5,39171657000,1411128022432,573250,True,0.57325,1371956365432
192,16,0,F,11,39271659000,1411223674032,-3777150,True,-3.77715,1371952015032
193,16,1,H,13,39371659000,1411328301232,850050,True,0.85005,1371956642232
194,16,2,B,4,39471661000,1411424161332,-3291850,True,-3.29185,1371952500332
195,16,3,U,15,39571663000,1411527987632,532450,True,0.53245,1371956324632
196,16,4,R,14,39671665000,1411624435532,-3021650,True,-3.02165,1371952770532
197,16,5,G,10,39771666000,1411728000432,542250,True,0.54225,1371956334432
198,16,6,E,12,39871668000,1411827700432,240250,True,0.24025,1371956032432
199,16,7,N,1,39971671000,1411934340532,6877350,True,6.87735,1371962669532
199,16,7,N,1,39971671000,1411934340532,6877350,True,6.87735,1371962669532
200,16,8,L,2,40071672000,1412023635732,-3828450,True,-3.82845,1371951963732
201,16,9,A,0,40171673000,1412119393232,-8071950,True,-8.07195,1371947720232
202,16,10,N,1,40271675000,1412224818532,-2648650,True,-2.64865,1371953143532
202,16,10,N,1,40271675000,1412224818532,-2648650,True,-2.64865,1371953143532
203,16,11,D,5,40371677000,1412328216032,746850,True,0.74685,1371956539032
204,17,0,F,11,40471679000,1412424416932,-3054250,True,-3.05425,1371952737932
205,17,1,H,13,40571681000,1412525737132,-1736050,True,-1.73605,1371954056132
207,17,3,U,15,40771682000,1412720959332,-6514850,True,-6.51485,1371949277332
208,17,4,R,14,40871683000,1412825079032,-2396150,True,-2.39615,1371953396032
209,17,5,G,10,40971685000,1412920360632,-7116550,True,-7.11655,1371948675632
210,17,6,E,12,41071687000,1413031934132,4454950,True,4.45495,1371960247132
211,17,7,N,1,41171689000,1413128488432,1007250,True,1.00725,1371956799432
211,17,7,N,1,41171689000,1413128488432,1007250,True,1.00725,1371956799432
212,17,8,L,2,41271691000,1413224132132,-3351050,True,-3.35105,1371952441132
213,17,9,A,0,41371693000,1413320210832,-7274350,True,-7.27435,1371948517832
214,17,10,N,1,41471695000,1413424913632,-2573550,True,-2.57355,1371953218632
214,17,10,N,1,41471695000,1413424913632,-2573550,True,-2.57355,1371953218632
215,17,11,D,5,41571698000,1413528406232,916050,True,0.91605,1371956708232
216,18,0,F,11,41671699000,1413624978132,-2513050,True,-2.51305,1371953279132
217,18,1,H,13,41771702000,1413727471632,-22550,True,-0.02255,1371955769632
218,18,2,B,4,41871703000,1413823126932,-4368250,True,-4.36825,1371951423932
219,18,3,U,15,41971705000,1413929455832,1958650,True,1.95865,1371957750832
220,18,4,R,14,42071706000,1414024383132,-3115050,True,-3.11505,1371952677132
221,18,5,G,10,42171708000,1414130390632,2890450,True,2.89045,1371958682632
222,18,6,E,12,42271710000,1414224735632,-2766550,True,-2.76655,1371953025632
223,18,7,N,1,42371713000,1414328551932,1046750,True,1.04675,1371956838932
223,18,7,N,1,42371713000,1414328551932,1046750,True,1.04675,1371956838932
224,18,8,L,2,42471715000,1414423402232,-4104950,True,-4.10495,1371951687232
225,18,9,A,0,42571716000,1414529426532,1918350,True,1.91835,1371957710532
226,18,10,N,1,42671717000,1414624272432,-3236750,True,-3.23675,1371952555432
226,18,10,N,1,42671717000,1414624272432,-3236750,True,-3.23675,1371952555432
227,18,11,D,5,42771719000,1414729687432,2176250,True,2.17625,1371957968432
228,19,0,F,11,42871721000,1414826606032,-907150,True,-0.90715,1371954885032
229,19,1,H,13,42971723000,1414927412332,-102850,True,-0.10285,1371955689332
230,19,2,B,4,43071725000,1415024810332,-2706850,True,-2.70685,1371953085332
231,19,3,U,15,43171727000,1415127760332,241150,True,0.24115,1371956033332
232,19,4,R,14,43271728000,1415223820132,-3700050,True,-3.70005,1371952092132
233,19,5,G,10,43371730000,1415337200232,9678050,True,9.67805,1371965470232
234,19,6,E,12,43471732000,1415424060432,-3463750,True,-3.46375,1371952328432
235,19,7,N,1,43571733000,1415529363832,1838650,True,1.83865,1371957630832
235,19,7,N,1,43571733000,1415529363832,1838650,True,1.83865,1371957630832
236,19,8,L,2,43671735000,1415622989632,-4537550,True,-4.53755,1371951254632
237,19,9,A,0,43771736000,1415722048132,-5480050,True,-5.48005,1371950312132
238,19,10,N,1,43871738000,1415825925632,-1604550,True,-1.60455,1371954187632
238,19,10,N,1,43871738000,1415825925632,-1604550,True,-1.60455,1371954187632
239,19,11,D,5,43971740000,1415928682132,1149950,True,1.14995,1371956942132
240,20,0,F,11,44071742000,1416024902132,-2632050,True,-2.63205,1371953160132
241,20,1,H,13,44171745000,1416121028732,-6508450,True,-6.50845,1371949283732
242,20,2,B,4,44271748000,1416225749632,-1790550,True,-1.79055,1371954001632
243,20,3,U,15,44371750000,1416320492132,-7050050,True,-7.05005,1371948742132
244,20,4,R,14,44471751000,1416424206432,-3336750,True,-3.33675,1371952455432
245,20,5,G,10,44571754000,1416519613832,-7932350,True,-7.93235,1371947859832
246,20,6,E,12,44671757000,1416632540632,4991450,True,4.99145,1371960783632
247,20,7,N,1,44771758000,1416733388132,5837950,True,5.83795,1371961630132
247,20,7,N,1,44771758000,1416733388132,5837950,True,5.83795,1371961630132
248,20,8,L,2,44871760000,1416824690432,-2861750,True,-2.86175,1371952930432
249,20,9,A,0,44971761000,1416927988732,435550,True,0.43555,1371956227732
250,20,10,N,1,45071764000,1417026542032,-1014150,True,-1.01415,1371954778032
250,20,10,N,1,45071764000,1417026542032,-1014150,True,-1.01415,1371954778032
251,20,11,D,5,45171765000,1417128318932,761750,True,0.76175,1371956553932
252,21,0,F,11,45271767000,1417223386232,-4172950,True,-4.17295,1371951619232
253,21,1,H,13,45371768000,1417328837132,1276950,True,1.27695,1371957069132
254,21,2,B,4,45471770000,1417424228132,-3334050,True,-3.33405,1371952458132
256,21,4,R,14,45671774000,1417623517132,-4049050,True,-4.04905,1371951743132
257,21,5,G,10,45771776000,1417730864832,3296650,True,3.29665,1371959088832
258,21,6,E,12,45871778000,1417827454832,-115350,True,-0.11535,1371955676832
259,21,7,N,1,45971779000,1417931367732,3796550,True,3.79655,1371959588732
259,21,7,N,1,45971779000,1417931367732,3796550,True,3.79655,1371959588732
260,21,8,L,2,46071780000,1418023707132,-3865050,True,-3.86505,1371951927132
261,21,9,A,0,46171782000,1418127724332,150150,True,0.15015,1371955942332
262,21,10,N,1,46271784000,1418223760232,-3815950,True,-3.81595,1371951976232
262,21,10,N,1,46271784000,1418223760232,-3815950,True,-3.81595,1371951976232
263,21,11,D,5,46371786000,1418327878232,300050,True,0.30005,1371956092232
264,22,0,F,11,46471787000,1418423529132,-4050050,True,-4.05005,1371951742132
265,22,1,H,13,46571789000,1418528280932,699750,True,0.69975,1371956491932
266,22,2,B,4,46671790000,1418625468032,-2114150,True,-2.11415,1371953678032
267,22,3,U,15,46771791000,1418728076432,493250,True,0.49325,1371956285432
268,22,4,R,14,46871793000,1418825987132,-1598050,True,-1.59805,1371954194132
269,22,5,G,10,46971794000,1418928550332,964150,True,0.96415,1371956756332
270,22,6,E,12,47071796000,1419022958132,-4630050,True,-4.63005,1371951162132
271,22,7,N,1,47171797000,1419119930732,-7658450,True,-7.65845,1371948133732
271,22,7,N,1,47171797000,1419119930732,-7658450,True,-7.65845,1371948133732
272,22,8,L,2,47271798000,1419223731932,-3858250,True,-3.85825,1371951933932
273,22,9,A,0,47371800000,1419319744232,-7847950,True,-7.84795,1371947944232
274,22,10,N,1,47471801000,1419426511932,-1081250,True,-1.08125,1371954710932
274,22,10,N,1,47471801000,1419426511932,-1081250,True,-1.08125,1371954710932
275,22,11,D,5,47571803000,1419527506132,-89050,True,-0.08905,1371955703132
276,23,0,F,11,47671806000,1419623439432,-4158750,True,-4.15875,1371951633432
277,23,1,H,13,47771807000,1419720850832,-6748350,True,-6.74835,1371949043832
278,23,2,B,4,47871809000,1419823462632,-4138550,True,-4.13855,1371951653632
279,23,3,U,15,47971812000,1419928197932,593750,True,0.59375,1371956385932
280,23,4,R,14,48071813000,1420023656732,-3948450,True,-3.94845,1371951843732
281,23,5,G,10,48171816000,1420127451932,-156250,True,-0.15625,1371955635932
282,23,6,E,12,48271818000,1420223975332,-3634850,True,-3.63485,1371952157332
283,23,7,N,1,48371820000,1420328636232,1024050,True,1.02405,1371956816232
283,23,7,N,1,48371820000,1420328636232,1024050,True,1.02405,1371956816232
284,23,8,L,2,48471822000,1420425382332,-2231850,True,-2.23185,1371953560332
285,23,9,A,0,48571824000,1420528306932,690750,True,0.69075,1371956482932
286,23,10,N,1,48671826000,1420623569532,-4048650,True,-4.04865,1371951743532
286,23,10,N,1,48671826000,1420623569532,-4048650,True,-4.04865,1371951743532
287,23,11,D,5,48771828000,1420727464332,-155850,True,-0.15585,1371955636332
288,24,0,F,11,48871830000,1420825169332,-2452850,True,-2.45285,1371953339332
289,24,1,H,13,48971830000,1420928889732,1267550,True,1.26755,1371957059732
290,24,2,B,4,49071831000,1421023588732,-4034450,True,-4.03445,1371951757732
291,24,3,U,15,49171834000,1421128189732,563550,True,0.56355,1371956355732
292,24,4,R,14,49271836000,1421224083832,-3544350,True,-3.54435,1371952247832
293,24,5,G,10,49371838000,1421327192632,-437550,True,-0.43755,1371955354632
294,24,6,E,12,49471841000,1421431785832,4152650,True,4.15265,1371959944832
296,24,8,L,2,49671845000,1421630498332,2861150,True,2.86115,1371958653332
297,24,9,A,0,49771847000,1421719432532,-8206650,True,-8.20665,1371947585532
298,24,10,N,1,49871847000,1421823960432,-3678750,True,-3.67875,1371952113432
298,24,10,N,1,49871847000,1421823960432,-3678750,True,-3.67875,1371952113432
299,24,11,D,5,49971848000,1421927122332,-517850,True,-0.51785,1371955274332
300,25,0,F,11,50071850000,1422023553432,-4088750,True,-4.08875,1371951703432
301,25,1,H,13,50171852000,1422127383032,-261150,True,-0.26115,1371955531032
302,25,2,B,4,50271854000,1422224875732,-2770450,True,-2.77045,1371953021732
303,25,3,U,15,50371856000,1422329738732,2090550,True,2.09055,1371957882732
304,25,4,R,14,50471857000,1422423464632,-4184550,True,-4.18455,1371951607632
305,25,5,G,10,50571858000,1422520668332,-6981850,True,-6.98185,1371948810332
306,25,6,E,12,50671860000,1422632004932,4352750,True,4.35275,1371960144932
307,25,7,N,1,50771863000,1422732639332,4984150,True,4.98415,1371960776332
307,25,7,N,1,50771863000,1422732639332,4984150,True,4.98415,1371960776332
308,25,8,L,2,50871865000,1422824089232,-3567950,True,-3.56795,1371952224232
309,25,9,A,0,50971868000,1422920135732,-7524450,True,-7.52445,1371948267732
310,25,10,N,1,51071869000,1423023637032,-4024150,True,-4.02415,1371951768032
310,25,10,N,1,51071869000,1423023637032,-4024150,True,-4.02415,1371951768032
311,25,11,D,5,51171871000,1423128012032,348850,True,0.34885,1371956141032
312,26,0,F,11,51271873000,1423224276732,-3388450,True,-3.38845,1371952403732
313,26,1,H,13,51371875000,1423327860132,192950,True,0.19295,1371955985132
314,26,2,B,4,51471875000,1423424757532,-2909650,True,-2.90965,1371952882532
315,26,3,U,15,51571877000,1423527378132,-291050,True,-0.29105,1371955501132
316,26,4,R,14,51671879000,1423623970232,-3700950,True,-3.70095,1371952091232
317,26,5,G,10,51771880000,1423727749632,77450,True,0.07745,1371955869632
318,26,6,E,12,51871883000,1423823742532,-3932650,True,-3.93265,1371951859532
319,26,7,N,1,51971885000,1423927342832,-334350,True,-0.33435,1371955457832
319,26,7,N,1,51971885000,1423927342832,-334350,True,-0.33435,1371955457832
320,26,8,L,2,52071887000,1424023874432,-3804750,True,-3.80475,1371951987432
321,26,9,A,0,52171889000,1424126791532,-889650,True,-0.88965,1371954902532
322,26,10,N,1,52271892000,1424224575532,-3108650,True,-3.10865,1371952683532
322,26,10,N,1,52271892000,1424224575532,-3108650,True,-3.10865,1371952683532
323,26,11,D,5,52371894000,1424328678632,992450,True,0.99245,1371956784632
324,27,0,F,11,52471897000,1424423587932,-4101250,True,-4.10125,1371951690932
325,27,1,H,13,52571899000,1424529298732,1607550,True,1.60755,1371957399732
326,27,2,B,4,52671900000,1424623186732,-4505450,True,-4.50545,1371951286732
327,27,3,U,15,52771901000,1424726736132,-957050,True,-0.95705,1371954835132
328,27,4,R,14,52871902000,1424826421532,-1272650,True,-1.27265,1371954519532
329,27,5,G,10,52971904000,1424927830132,133950,True,0.13395,1371955926132
330,27,6,E,12,53071905000,1425023424032,-4273150,True,-4.27315,1371951519032
331,27,7,N,1,53171907000,1425131126832,3427650,True,3.42765,1371959219832
331,27,7,N,1,53171907000,1425131126832,3427650,True,3.42765,1371959219832
332,27,8,L,2,53271909000,1425223150332,-4550850,True,-4.55085,1371951241332
333,27,9,A,0,53371911000,1425319467432,-8235750,True,-8.23575,1371947556432
334,27,10,N,1,53471914000,1425426104832,-1601350,True,-1.60135,1371954190832
334,27,10,N,1,53471914000,1425426104832,-1601350,True,-1.60135,1371954190832
335,27,11,D,5,53571916000,1425531414032,3705850,True,3.70585,1371959498032
337,28,1,H,13,53771920000,1425724055932,-3656250,True,-3.65625,1371952135932
338,28,2,B,4,53871922000,1425824343232,-3370950,True,-3.37095,1371952421232
339,28,3,U,15,53971924000,1425918856132,-8860050,True,-8.86005,1371946932132
340,28,4,R,14,54071927000,1426024397932,-3321250,True,-3.32125,1371952470932
341,28,5,G,10,54171929000,1426120751532,-6969650,True,-6.96965,1371948822532
342,28,6,E,12,54271931000,1426239512932,11789750,True,11.78975,1371967581932
343,28,7,N,1,54371933000,1426331183132,3457950,True,3.45795,1371959250132
343,28,7,N,1,54371933000,1426331183132,3457950,True,3.45795,1371959250132
344,28,8,L,2,54471935000,1426422970232,-4756950,True,-4.75695,1371951035232
345,28,9,A,0,54571937000,1426528891032,1161850,True,1.16185,1371956954032
346,28,10,N,1,54671938000,1426623222432,-4507750,True,-4.50775,1371951284432
346,28,10,N,1,54671938000,1426623222432,-4507750,True,-4.50775,1371951284432
347,28,11,D,5,54771941000,1426727544432,-188750,True,-0.18875,1371955603432
348,29,0,F,11,54871942000,1426830275332,2541150,True,2.54115,1371958333332
349,29,1,H,13,54971944000,1426927206932,-529250,True,-0.52925,1371955262932
350,29,2,B,4,55071947000,1427022815832,-4923350,True,-4.92335,1371950868832
351,29,3,U,15,55171948000,1427127453532,-286650,True,-0.28665,1371955505532
352,29,4,R,14,55271949000,1427223582232,-4158950,True,-4.15895,1371951633232
353,29,5,G,10,55371951000,1427328362632,619450,True,0.61945,1371956411632
354,29,6,E,12,55471953000,1427424088632,-3656550,True,-3.65655,1371952135632
355,29,7,N,1,55571954000,1427527892532,146350,True,0.14635,1371955938532
355,29,7,N,1,55571954000,1427527892532,146350,True,0.14635,1371955938532
357,29,9,A,0,55771959000,1427728742732,991550,True,0.99155,1371956783732
358,29,10,N,1,55871962000,1427823043932,-4710250,True,-4.71025,1371951081932
358,29,10,N,1,55871962000,1427823043932,-4710250,True,-4.71025,1371951081932
359,29,11,D,5,55971964000,1427928755232,999050,True,0.99905,1371956791232
360,30,0,F,11,56071967000,1428024002432,-3756750,True,-3.75675,1371952035432
361,30,1,H,13,56171968000,1428127503032,-257150,True,-0.25715,1371955535032
362,30,2,B,4,56271969000,1428222905532,-4855650,True,-4.85565,1371950936532
363,30,3,U,15,56371971000,1428327625232,-137950,True,-0.13795,1371955654232
364,30,4,R,14,56471974000,1428423976232,-3789950,True,-3.78995,1371952002232
365,30,5,G,10,56571976000,1428527682232,-85950,True,-0.08595,1371955706232
366,30,6,E,12,56671978000,1428622784032,-4986150,True,-4.98615,1371950806032
367,30,7,N,1,56771979000,1428720083832,-7687350,True,-7.68735,1371948104832
367,30,7,N,1,56771979000,1428720083832,-7687350,True,-7.68735,1371948104832
368,30,8,L,2,56871981000,1428824209332,-3563850,True,-3.56385,1371952228332
369,30,9,A,0,56971983000,1428919726532,-8048650,True,-8.04865,1371947743532
370,30,10,N,1,57071984000,1429023649432,-4126750,True,-4.12675,1371951665432
370,30,10,N,1,57071984000,1429023649432,-4126750,True,-4.12675,1371951665432
371,30,11,D,5,57171986000,1429128336532,558350,True,0.55835,1371956350532
372,31,0,F,11,57271988000,1429223197132,-4583050,True,-4.58305,1371951209132
373,31,1,H,13,57371990000,1429321398132,-6384050,True,-6.38405,1371949408132
374,31,2,B,4,57471992000,1429425147332,-2636850,True,-2.63685,1371953155332
375,31,3,U,15,57571995000,1429528222632,435450,True,0.43545,1371956227632
377,31,5,G,10,57772000000,1429727509032,-283150,True,-0.28315,1371955509032
378,31,6,E,12,57872002000,1429823816232,-3977950,True,-3.97795,1371951814232
379,31,7,N,1,57972004000,1429928518132,721950,True,0.72195,1371956514132
379,31,7,N,1,57972004000,1429928518132,721950,True,0.72195,1371956514132
380,31,8,L,2,58072007000,1430028336932,537750,True,0.53775,1371956329932
381,31,9,A,0,58172009000,1430127615132,-186050,True,-0.18605,1371955606132
382,31,10,N,1,58272010000,1430224435432,-3366750,True,-3.36675,1371952425432
382,31,10,N,1,58272010000,1430224435432,-3366750,True,-3.36675,1371952425432
383,31,11,D,5,58372012000,1430327522432,-281750,True,-0.28175,1371955510432
384,32,0,F,11,58472014000,1430424429532,-3376650,True,-3.37665,1371952415532
385,32,1,H,13,58572016000,1430527737732,-70450,True,-0.07045,1371955721732
386,32,2,B,4,58672018000,1430625392832,-2417350,True,-2.41735,1371953374832
387,32,3,U,15,58772019000,1430728327332,516150,True,0.51615,1371956308332
388,32,4,R,14,58872021000,1430824313532,-3499650,True,-3.49965,1371952292532
389,32,5,G,10,58972023000,1430927014232,-800950,True,-0.80095,1371954991232
390,32,6,E,12,59072025000,1431024018432,-3798750,True,-3.79875,1371951993432
391,32,7,N,1,59172027000,1431134704732,6885550,True,6.88555,1371962677732
391,32,7,N,1,59172027000,1431134704732,6885550,True,6.88555,1371962677732
392,32,8,L,2,59272028000,1431223517532,-4302650,True,-4.30265,1371951489532
393,32,9,A,0,59372029000,1431323312132,-4509050,True,-4.50905,1371951283132
394,32,10,N,1,59472031000,1431423312132,-4511050,True,-4.51105,1371951281132
394,32,10,N,1,59472031000,1431423312132,-4511050,True,-4.51105,1371951281132
395,32,11,D,5,59572033000,1431531178732,3353550,True,3.35355,1371959145732
396,33,0,F,11,59672036000,1431624803232,-3024950,True,-3.02495,1371952767232
397,33,1,H,13,59772039000,1431729797032,1965850,True,1.96585,1371957758032
398,33,2,B,4,59872041000,1431823108132,-4725050,True,-4.72505,1371951067132
399,33,3,U,15,59972043000,1431919671932,-8163250,True,-8.16325,1371947628932
400,33,4,R,14,60072044000,1432023430532,-4405650,True,-4.40565,1371951386532
401,33,5,G,10,60172046000,1432120256632,-7581550,True,-7.58155,1371948210632
402,33,6,E,12,60272048000,1432237946232,10106050,True,10.10605,1371965898232
403,33,7,N,1,60372051000,1432321045632,-6797550,True,-6.79755,1371948994632
403,33,7,N,1,60372051000,1432321045632,-6797550,True,-6.79755,1371948994632
404,33,8,L,2,60472054000,1432423016432,-4829750,True,-4.82975,1371950962432
405,33,9,A,0,60572056000,1432519047832,-8800350,True,-8.80035,1371946991832
406,33,10,N,1,60672056000,1432626256732,-1591450,True,-1.59145,1371954200732
406,33,10,N,1,60672056000,1432626256732,-1591450,True,-1.59145,1371954200732
407,33,11,D,5,60772058000,1432729212632,1362450,True,1.36245,1371957154632
408,34,0,F,11,60872060000,1432824255132,-3597050,True,-3.59705,1371952195132
409,34,1,H,13,60972062000,1432928139132,284950,True,0.28495,1371956077132
410,34,2,B,4,61072065000,1433024555632,-3301550,True,-3.30155,1371952490632
411,34,3,U,15,61172066000,1433127225632,-632550,True,-0.63255,1371955159632
412,34,4,R,14,61272067000,1433223187632,-4671550,True,-4.67155,1371951120632
413,34,5,G,10,61372069000,1433326781932,-1079250,True,-1.07925,1371954712932
414,34,6,E,12,61472072000,1433422959032,-4905150,True,-4.90515,1371950887032
415,34,7,N,1,61572074000,1433528555332,689150,True,0.68915,1371956481332
415,34,7,N,1,61572074000,1433528555332,689150,True,0.68915,1371956481332
416,34,8,L,2,61672076000,1433623069532,-4798650,True,-4.79865,1371950993532
417,34,9,A,0,61772078000,1433726894632,-975550,True,-0.97555,1371954816632
418,34,10,N,1,61872079000,1433823886332,-3984850,True,-3.98485,1371951807332
418,34,10,N,1,61872079000,1433823886332,-3984850,True,-3.98485,1371951807332
419,34,11,D,5,61972081000,1433927539332,-333850,True,-0.33385,1371955458332
420,35,0,F,11,62072083000,1434026640232,-1234950,True,-1.23495,1371954557232
421,35,1,H,13,62172085000,1434128797832,920650,True,0.92065,1371956712832
422,35,2,B,4,62272086000,1434223567432,-4310750,True,-4.31075,1371951481432
423,35,3,U,15,62372088000,1434328143532,263350,True,0.26335,1371956055532
424,35,4,R,14,62472090000,1434425343732,-2538450,True,-2.53845,1371953253732
425,35,5,G,10,62572092000,1434527260432,-623750,True,-0.62375,1371955168432
426,35,6,E,12,62672094000,1434624892232,-2993950,True,-2.99395,1371952798232
427,35,7,N,1,62772097000,1434728434232,545050,True,0.54505,1371956337232
427,35,7,N,1,62772097000,1434728434232,545050,True,0.54505,1371956337232
428,35,8,L,2,62872100000,1434823196732,-4695450,True,-4.69545,1371951096732
429,35,9,A,0,62972101000,1434920767732,-7125450,True,-7.12545,1371948666732
430,35,10,N,1,63072102000,1435026941232,-952950,True,-0.95295,1371954839232
430,35,10,N,1,63072102000,1435026941232,-952950,True,-0.95295,1371954839232
431,35,11,D,5,63172104000,1435128380732,484550,True,0.48455,1371956276732
432,36,0,F,11,63272107000,1435225071132,-2828050,True,-2.82805,1371952964132
433,36,1,H,13,63372108000,1435320946032,-6954150,True,-6.95415,1371948838032
434,36,2,B,4,63472109000,1435423788432,-4112750,True,-4.11275,1371951679432
435,36,3,U,15,63572111000,1435523914432,-3988750,True,-3.98875,1371951803432
436,36,4,R,14,63672112000,1435623326332,-4577850,True,-4.57785,1371951214332
437,36,5,G,10,63772114000,1435720102632,-7803550,True,-7.80355,1371947988632
438,36,6,E,12,63872116000,1435831775732,3867550,True,3.86755,1371959659732
439,36,7,N,1,63972116000,1435928325132,416950,True,0.41695,1371956209132
439,36,7,N,1,63972116000,1435928325132,416950,True,0.41695,1371956209132
440,36,8,L,2,64072119000,1436029619332,1708150,True,1.70815,1371957500332
441,36,9,A,0,64172121000,1436127515532,-397650,True,-0.39765,1371955394532
442,36,10,N,1,64272123000,1436225417232,-2497950,True,-2.49795,1371953294232
442,36,10,N,1,64272123000,1436225417232,-2497950,True,-2.49795,1371953294232
443,36,11,D,5,64372124000,1436328416232,500050,True,0.50005,1371956292232
444,37,0,F,11,64472126000,1436427633032,-285150,True,-0.28515,1371955507032
445,37,1,H,13,64572127000,1436527904032,-15150,True,-0.01515,1371955777032
446,37,2,B,4,64672129000,1436623704232,-4216950,True,-4.21695,1371951575232
447,37,3,U,15,64772130000,1436728354432,432250,True,0.43225,1371956224432
448,37,4,R,14,64872131000,1436823379232,-4543950,True,-4.54395,1371951248232
449,37,5,G,10,64972133000,1436928778232,853050,True,0.85305,1371956645232
450,37,6,E,12,65072135000,1437030297832,2370650,True,2.37065,1371958162832
451,37,7,N,1,65172137000,1437133673532,5744350,True,5.74435,1371961536532
451,37,7,N,1,65172137000,1437133673532,5744350,True,5.74435,1371961536532
452,37,8,L,2,65272138000,1437224270832,-3659350,True,-3.65935,1371952132832
453,37,9,A,0,65372140000,1437329008632,1076450,True,1.07645,1371956868632
454,37,10,N,1,65472142000,1437425562832,-2371350,True,-2.37135,1371953420832
454,37,10,N,1,65472142000,1437425562832,-2371350,True,-2.37135,1371953420832
455,37,11,D,5,65572144000,1437527914632,-21550,True,-0.02155,1371955770632
456,38,0,F,11,65672146000,1437623440932,-4497250,True,-4.49725,1371951294932
457,38,1,H,13,65772148000,1437727497432,-442750,True,-0.44275,1371955349432
458,38,2,B,4,65872150000,1437827795532,-146650,True,-0.14665,1371955645532
459,38,3,U,15,65972151000,1437927629032,-314150,True,-0.31415,1371955478032
460,38,4,R,14,66072154000,1438023646632,-4299550,True,-4.29955,1371951492632
461,38,5,G,10,66172154000,1438127921432,-24750,True,-0.02475,1371955767432
462,38,6,E,12,66272154000,1438226361132,-1585050,True,-1.58505,1371954207132
463,38,7,N,1,66372156000,1438318928832,-9019350,True,-9.01935,1371946772832
463,38,7,N,1,66372156000,1438318928832,-9019350,True,-9.01935,1371946772832
464,38,8,L,2,66472159000,1438422782332,-5168850,True,-5.16885,1371950623332
465,38,9,A,0,66572161000,1438522561832,-5391350,True,-5.39135,1371950400832
466,38,10,N,1,66672164000,1438624512632,-3443550,True,-3.44355,1371952348632
466,38,10,N,1,66672164000,1438624512632,-3443550,True,-3.44355,1371952348632
467,38,11,D,5,66772165000,1438727825132,-132050,True,-0.13205,1371955660132
468,39,0,F,11,66872168000,1438823675132,-4285050,True,-4.28505,1371951507132
469,39,1,H,13,66972171000,1438919787132,-8176050,True,-8.17605,1371947616132
470,39,2,B,4,67072173000,1439024724732,-3240450,True,-3.24045,1371952551732
471,39,3,U,15,67172175000,1439119012832,-8954350,True,-8.95435,1371946837832
472,39,4,R,14,67272177000,1439223051632,-4917550,True,-4.91755,1371950874632
473,39,5,G,10,67372179000,1439327048032,-923150,True,-0.92315,1371954869032
474,39,6,E,12,67472180000,1439422907632,-5064550,True,-5.06455,1371950727632
475,39,7,N,1,67572181000,1439533960532,5987350,True,5.98735,1371961779532
475,39,7,N,1,67572181000,1439533960532,5987350,True,5.98735,1371961779532
476,39,8,L,2,67672183000,1439625234532,-2740650,True,-2.74065,1371953051532
477,39,9,A,0,67772185000,1439727213332,-763850,True,-0.76385,1371955028332
478,39,10,N,1,67872187000,1439825919432,-2059750,True,-2.05975,1371953732432
478,39,10,N,1,67872187000,1439825919432,-2059750,True,-2.05975,1371953732432
479,39,11,D,5,67972189000,1439929275632,1294450,True,1.29445,1371957086632
480,40,0,F,11,68072191000,1440023760232,-4222950,True,-4.22295,1371951569232
481,40,1,H,13,68172193000,1440128594632,609450,True,0.60945,1371956401632
482,40,2,B,4,68272194000,1440224889332,-3096850,True,-3.09685,1371952695332
483,40,3,U,15,68372195000,1440327107632,-879550,True,-0.87955,1371954912632
484,40,4,R,14,68472198000,1440424227632,-3762550,True,-3.76255,1371952029632
485,40,5,G,10,68572200000,1440526942632,-1049550,True,-1.04955,1371954742632
486,40,6,E,12,68672202000,1440624803832,-3190350,True,-3.19035,1371952601832
487,40,7,N,1,68772203000,1440735020632,7025450,True,7.02545,1371962817632
487,40,7,N,1,68772203000,1440735020632,7025450,True,7.02545,1371962817632
488,40,8,L,2,68872204000,1440828594632,598450,True,0.59845,1371956390632
489,40,9,A,0,68972206000,1440927102632,-895550,True,-0.89555,1371954896632
490,40,10,N,1,69072208000,1441026234632,-1765550,True,-1.76555,1371954026632
490,40,10,N,1,69072208000,1441026234632,-1765550,True,-1.76555,1371954026632
491,40,11,D,5,69172210000,1441126597432,-1404750,True,-1.40475,1371954387432
492,41,0,F,11,69272211000,1441224496032,-3507150,True,-3.50715,1371952285032
493,41,1,H,13,69372213000,1441327377432,-627750,True,-0.62775,1371955164432
494,41,2,B,4,69472215000,1441422694232,-5312950,True,-5.31295,1371950479232
495,41,3,U,15,69572217000,1441519945732,-8063450,True,-8.06345,1371947728732
496,41,4,R,14,69672218000,1441623528832,-4481350,True,-4.48135,1371951310832
497,41,5,G,10,69772220000,1441719177332,-8834850,True,-8.83485,1371946957332
498,41,6,E,12,69872222000,1441831318432,3304250,True,3.30425,1371959096432
499,41,7,N,1,69972224000,1441920713332,-7302850,True,-7.30285,1371948489332
499,41,7,N,1,69972224000,1441920713332,-7302850,True,-7.30285,1371948489332
500,41,8,L,2,70072226000,1442023955732,-4062450,True,-4.06245,1371951729732
501,41,9,A,0,70172228000,1442119046232,-8973950,True,-8.97395,1371946818232
502,41,10,N,1,70272229000,1442223256532,-4764650,True,-4.76465,1371951027532
502,41,10,N,1,70272229000,1442223256532,-4764650,True,-4.76465,1371951027532
503,41,11,D,5,70372230000,1442328337332,315150,True,0.31515,1371956107332
504,42,0,F,11,70472231000,1442427581632,-441550,True,-0.44155,1371955350632
505,42,1,H,13,70572233000,1442528455132,429950,True,0.42995,1371956222132
506,42,2,B,4,70672236000,1442623797932,-4230250,True,-4.23025,1371951561932
507,42,3,U,15,70772238000,1442729022032,991850,True,0.99185,1371956784032
508,42,4,R,14,70872240000,1442823049632,-4982550,True,-4.98255,1371950809632
509,42,5,G,10,70972242000,1442928686832,652650,True,0.65265,1371956444832
510,42,6,E,12,71072245000,1443026074832,-1962350,True,-1.96235,1371953829832
511,42,7,N,1,71172247000,1443127981132,-58050,True,-0.05805,1371955734132
511,42,7,N,1,71172247000,1443127981132,-58050,True,-0.05805,1371955734132
512,42,8,L,2,71272249000,1443223522032,-4519150,True,-4.51915,1371951273032
513,42,9,A,0,71372251000,1443327075432,-967750,True,-0.96775,1371954824432
514,42,10,N,1,71472254000,1443423471532,-4574650,True,-4.57465,1371951217532
514,42,10,N,1,71472254000,1443423471532,-4574650,True,-4.57465,1371951217532
515,42,11,D,5,71572255000,1443527588932,-458250,True,-0.45825,1371955333932
516,43,0,F,11,71672257000,1443623625032,-4424150,True,-4.42415,1371951368032
517,43,1,H,13,71772258000,1443728322332,272150,True,0.27215,1371956064332
518,43,2,B,4,71872260000,1443826793532,-1258650,True,-1.25865,1371954533532
519,43,3,U,15,71972262000,1443927165632,-888550,True,-0.88855,1371954903632
520,43,4,R,14,72072264000,1444022901132,-5155050,True,-5.15505,1371950637132
521,43,5,G,10,72172267000,1444129079332,1020150,True,1.02015,1371956812332
522,43,6,E,12,72272268000,1444224562332,-3497850,True,-3.49785,1371952294332
523,43,7,N,1,72372271000,1444331443232,3380050,True,3.38005,1371959172232
523,43,7,N,1,72372271000,1444331443232,3380050,True,3.38005,1371959172232
524,43,8,L,2,72472273000,1444427072232,-992950,True,-0.99295,1371954799232
525,43,9,A,0,72572275000,1444519304432,-8762750,True,-8.76275,1371947029432
526,43,10,N,1,72672277000,1444624555432,-3513750,True,-3.51375,1371952278432
526,43,10,N,1,72672277000,1444624555432,-3513750,True,-3.51375,1371952278432
527,43,11,D,5,72772278000,1444727153032,-917150,True,-0.91715,1371954875032
528,44,0,F,11,72872280000,1444823711932,-4360250,True,-4.36025,1371951431932
529,44,1,H,13,72972282000,1444919783832,-8290350,True,-8.29035,1371947501832
530,44,2,B,4,73072283000,1445025041032,-3034150,True,-3.03415,1371952758032
531,44,3,U,15,73172284000,1445120366532,-7709650,True,-7.70965,1371948082532
532,44,4,R,14,73272286000,1445224678732,-3399450,True,-3.39945,1371952392732
533,44,5,G,10,73372288000,1445319334332,-8745850,True,-8.74585,1371947046332
534,44,6,E,12,73472291000,1445431526232,3443050,True,3.44305,1371959235232
535,44,7,N,1,73572293000,1445529301732,1216550,True,1.21655,1371957008732
535,44,7,N,1,73572293000,1445529301732,1216550,True,1.21655,1371957008732
536,44,8,L,2,73672295000,1445623065532,-5021650,True,-5.02165,1371950770532
537,44,9,A,0,73772296000,1445727843732,-244450,True,-0.24445,1371955547732
538,44,10,N,1,73872298000,1445826381532,-1708650,True,-1.70865,1371954083532
538,44,10,N,1,73872298000,1445826381532,-1708650,True,-1.70865,1371954083532
539,44,11,D,5,73972300000,1445930361732,2269550,True,2.26955,1371958061732
540,45,0,F,11,74072302000,1446023593132,-4501050,True,-4.50105,1371951291132
541,45,1,H,13,74172303000,1446130086032,1990850,True,1.99085,1371957783032
542,45,2,B,4,74272305000,1446222505932,-5591250,True,-5.59125,1371950200932
543,45,3,U,15,74372307000,1446327284532,-814650,True,-0.81465,1371954977532
544,45,4,R,14,74472308000,1446423959432,-4140750,True,-4.14075,1371951651432
545,45,5,G,10,74572310000,1446529293332,1191150,True,1.19115,1371956983332
546,45,6,E,12,74672313000,1446623630632,-4474550,True,-4.47455,1371951317632
547,45,7,N,1,74772316000,1446730377732,2269550,True,2.26955,1371958061732
547,45,7,N,1,74772316000,1446730377732,2269550,True,2.26955,1371958061732
548,45,8,L,2,74872316000,1446823749832,-4358350,True,-4.35835,1371951433832
549,45,9,A,0,74972319000,1446928519032,407850,True,0.40785,1371956200032
550,45,10,N,1,75072321000,1447026538732,-1574450,True,-1.57445,1371954217732
550,45,10,N,1,75072321000,1447026538732,-1574450,True,-1.57445,1371954217732
551,45,11,D,5,75172323000,1447129322032,1206850,True,1.20685,1371956999032
552,46,0,F,11,75272325000,1447224214332,-3902850,True,-3.90285,1371951889332
553,46,1,H,13,75372326000,1447327101332,-1016850,True,-1.01685,1371954775332
554,46,2,B,4,75472328000,1447423384832,-4735350,True,-4.73535,1371951056832
555,46,3,U,15,75572330000,1447527300932,-821250,True,-0.82125,1371954970932
556,46,4,R,14,75672330000,1447625509332,-2612850,True,-2.61285,1371953179332
557,46,5,G,10,75772331000,1447728973832,850650,True,0.85065,1371956642832
558,46,6,E,12,75872332000,1447825879132,-2245050,True,-2.24505,1371953547132
559,46,7,N,1,75972332000,1447920086532,-8037650,True,-8.03765,1371947754532
559,46,7,N,1,75972332000,1447920086532,-8037650,True,-8.03765,1371947754532
560,46,8,L,2,76072334000,1448023604732,-4521450,True,-4.52145,1371951270732
561,46,9,A,0,76172336000,1448121549532,-6578650,True,-6.57865,1371949213532
562,46,10,N,1,76272338000,1448224948432,-3181750,True,-3.18175,1371952610432
562,46,10,N,1,76272338000,1448224948432,-3181750,True,-3.18175,1371952610432
563,46,11,D,5,76372341000,1448327546532,-586650,True,-0.58665,1371955205532
564,47,0,F,11,76472343000,1448423514732,-4620450,True,-4.62045,1371951171732
565,47,1,H,13,76572346000,1448519935532,-8202650,True,-8.20265,1371947589532
566,47,2,B,4,76672348000,1448624118332,-4021850,True,-4.02185,1371951770332
567,47,3,U,15,76772350000,1448727392132,-750050,True,-0.75005,1371955042132
568,47,4,R,14,76872353000,1448824763332,-3381850,True,-3.38185,1371952410332
569,47,5,G,10,76972356000,1448929203032,1054850,True,1.05485,1371956847032
570,47,6,E,12,77072358000,1449023063232,-5086950,True,-5.08695,1371950705232
571,47,7,N,1,77172361000,1449127071432,-1081750,True,-1.08175,1371954710432
571,47,7,N,1,77172361000,1449127071432,-1081750,True,-1.08175,1371954710432
572,47,8,L,2,77272363000,1449225236032,-2919150,True,-2.91915,1371952873032
573,47,9,A,0,77372365000,1449327806032,-351150,True,-0.35115,1371955441032
574,47,10,N,1,77472367000,1449423351632,-4807550,True,-4.80755,1371950984632
574,47,10,N,1,77472367000,1449423351632,-4807550,True,-4.80755,1371950984632
575,47,11,D,5,77572368000,1449528518632,358450,True,0.35845,1371956150632
576,48,0,F,11,77672370000,1449623889132,-4273050,True,-4.27305,1371951519132
577,48,1,H,13,77772371000,1449730556132,2392950,True,2.39295,1371958185132
578,48,2,B,4,77872372000,1449823895232,-4268950,True,-4.26895,1371951523232
579,48,3,U,15,77972374000,1449928315632,149450,True,0.14945,1371955941632
580,48,4,R,14,78072376000,1450025559732,-2608450,True,-2.60845,1371953183732
581,48,5,G,10,78172378000,1450128405632,235450,True,0.23545,1371956027632
582,48,6,E,12,78272380000,1450223140832,-5031350,True,-5.03135,1371950760832
583,48,7,N,1,78372381000,1450327625032,-548150,True,-0.54815,1371955244032
583,48,7,N,1,78372381000,1450327625032,-548150,True,-0.54815,1371955244032
584,48,8,L,2,78472383000,1450424391132,-3784050,True,-3.78405,1371952008132
585,48,9,A,0,78572385000,1450520636132,-7541050,True,-7.54105,1371948251132
586,48,10,N,1,78672387000,1450624686132,-3493050,True,-3.49305,1371952299132
586,48,10,N,1,78672387000,1450624686132,-3493050,True,-3.49305,1371952299132
587,48,11,D,5,78772389000,1450727917832,-263350,True,-0.26335,1371955528832
588,49,0,F,11,78872392000,1450825941432,-2242750,True,-2.24275,1371953549432
589,49,1,H,13,78972393000,1450921037732,-7147450,True,-7.14745,1371948644732
590,49,2,B,4,79072396000,1451026307632,-1880550,True,-1.88055,1371953911632
591,49,3,U,15,79172398000,1451119461632,-8728550,True,-8.72855,1371947063632
592,49,4,R,14,79272400000,1451224454032,-3738150,True,-3.73815,1371952054032
593,49,5,G,10,79372403000,1451319050932,-9144250,True,-9.14425,1371946647932
594,49,6,E,12,79472405000,1451433174532,4977350,True,4.97735,1371960769532
595,49,7,N,1,79572406000,1451524221232,-3976950,True,-3.97695,1371951815232
595,49,7,N,1,79572406000,1451524221232,-3976950,True,-3.97695,1371951815232
596,49,8,L,2,79672408000,1451626860032,-1340150,True,-1.34015,1371954452032
597,49,9,A,0,79772410000,1451727437732,-764450,True,-0.76445,1371955027732
598,49,10,N,1,79872413000,1451829139332,934150,True,0.93415,1371956726332
598,49,10,N,1,79872413000,1451829139332,934150,True,0.93415,1371956726332
599,49,11,D,5,79972414000,1451926904732,-1301450,True,-1.30145,1371954490732
600,50,0,F,11,80072416000,1452023804332,-4403850,True,-4.40385,1371951388332
601,50,1,H,13,80172417000,1452127758032,-451150,True,-0.45115,1371955341032
602,50,2,B,4,80272419000,1452223361632,-4849550,True,-4.84955,1371950942632
603,50,3,U,15,80372421000,1452329760732,1547550,True,1.54755,1371957339732
604,50,4,R,14,80472423000,1452424724432,-3490750,True,-3.49075,1371952301432
605,50,5,G,10,80572426000,1452527204232,-1013950,True,-1.01395,1371954778232
606,50,6,E,12,80672428000,1452623254232,-4965950,True,-4.96595,1371950826232
607,50,7,N,1,80772429000,1452728106432,-114750,True,-0.11475,1371955677432
607,50,7,N,1,80772429000,1452728106432,-114750,True,-0.11475,1371955677432
608,50,8,L,2,80872431000,1452823401832,-4821350,True,-4.82135,1371950970832
609,50,9,A,0,80972434000,1452928138232,-87950,True,-0.08795,1371955704232
610,50,10,N,1,81072435000,1453023106232,-5120950,True,-5.12095,1371950671232
610,50,10,N,1,81072435000,1453023106232,-5120950,True,-5.12095,1371950671232
611,50,11,D,5,81172437000,1453127825932,-403250,True,-0.40325,1371955388932
612,51,0,F,11,81272439000,1453224736132,-3495050,True,-3.49505,1371952297132
613,51,1,H,13,81372441000,1453327625032,-608150,True,-0.60815,1371955184032
614,51,2,B,4,81472443000,1453423819532,-4415650,True,-4.41565,1371951376532
615,51,3,U,15,81572445000,1453537273432,9036250,True,9.03625,1371964828432
616,51,4,R,14,81672448000,1453623169032,-5071150,True,-5.07115,1371950721032
617,51,5,G,10,81772449000,1453727782432,-458750,True,-0.45875,1371955333432
618,51,6,E,12,81872450000,1453823023032,-5219150,True,-5.21915,1371950573032
619,51,7,N,1,81972453000,1453935692332,7447150,True,7.44715,1371963239332
619,51,7,N,1,81972453000,1453935692332,7447150,True,7.44715,1371963239332
620,51,8,L,2,82072455000,1454025599132,-2648050,True,-2.64805,1371953144132
621,51,9,A,0,82172458000,1454122508832,-5741350,True,-5.74135,1371950050832
622,51,10,N,1,82272459000,1454223858032,-4393150,True,-4.39315,1371951399032
622,51,10,N,1,82272459000,1454223858032,-4393150,True,-4.39315,1371951399032
623,51,11,D,5,82372461000,1454328766632,513450,True,0.51345,1371956305632
624,52,0,F,11,82472463000,1454430254632,1999450,True,1.99945,1371957791632
625,52,1,H,13,82572465000,1454520469832,-7787350,True,-7.78735,1371948004832
626,52,2,B,4,82672468000,1454624657832,-3602350,True,-3.60235,1371952189832
627,52,3,U,15,82772470000,1454719226632,-9035550,True,-9.03555,1371946756632
628,52,4,R,14,82872471000,1454824558832,-3704350,True,-3.70435,1371952087832
629,52,5,G,10,82972473000,1454929316132,1050950,True,1.05095,1371956843132
630,52,6,E,12,83072475000,1455024221732,-4045450,True,-4.04545,1371951746732
631,52,7,N,1,83172476000,1455132982232,4714050,True,4.71405,1371960506232
631,52,7,N,1,83172476000,1455132982232,4714050,True,4.71405,1371960506232
632,52,8,L,2,83272478000,1455224682332,-3587850,True,-3.58785,1371952204332
633,52,9,A,0,83372481000,1455326855632,-1417550,True,-1.41755,1371954374632
634,52,10,N,1,83472484000,1455424446532,-3829650,True,-3.82965,1371951962532
634,52,10,N,1,83472484000,1455424446532,-3829650,True,-3.82965,1371951962532
635,52,11,D,5,83572484000,1455527715232,-560950,True,-0.56095,1371955231232
636,53,0,F,11,83672486000,1455623150232,-5127950,True,-5.12795,1371950664232
637,53,1,H,13,83772487000,1455727028232,-1250950,True,-1.25095,1371954541232
638,53,2,B,4,83872489000,1455825906432,-2374750,True,-2.37475,1371953417432
639,53,3,U,15,83972490000,1455926768232,-1513950,True,-1.51395,1371954278232
640,53,4,R,14,84072493000,1456023317932,-4967250,True,-4.96725,1371950824932
641,53,5,G,10,84172495000,1456128284832,-2350,True,-0.00235,1371955789832
642,53,6,E,12,84272496000,1456223197032,-5091150,True,-5.09115,1371950701032
643,53,7,N,1,84372499000,1456332139232,3848050,True,3.84805,1371959640232
643,53,7,N,1,84372499000,1456332139232,3848050,True,3.84805,1371959640232
644,53,8,L,2,84472501000,1456423652232,-4640950,True,-4.64095,1371951151232
645,53,9,A,0,84572503000,1456528913832,618650,True,0.61865,1371956410832
646,53,10,N,1,84672506000,1456625297432,-3000750,True,-3.00075,1371952791432
646,53,10,N,1,84672506000,1456625297432,-3000750,True,-3.00075,1371952791432
647,53,11,D,5,84772508000,1456727167032,-1133150,True,-1.13315,1371954659032
648,54,0,F,11,84872511000,1456825925932,-2377250,True,-2.37725,1371953414932
649,54,1,H,13,84972513000,1456927328232,-976950,True,-0.97695,1371954815232
650,54,2,B,4,85072515000,1457023458232,-4848950,True,-4.84895,1371950943232
651,54,3,U,15,85172515000,1457121113732,-7193450,True,-7.19345,1371948598732
652,54,4,R,14,85272518000,1457224294532,-4015650,True,-4.01565,1371951776532
653,54,5,G,10,85372521000,1457324560632,-3752550,True,-3.75255,1371952039632
654,54,6,E,12,85472522000,1457437031132,8716950,True,8.71695,1371964509132
655,54,7,N,1,85572523000,1457526984532,-1330650,True,-1.33065,1371954461532
655,54,7,N,1,85572523000,1457526984532,-1330650,True,-1.33065,1371954461532
656,54,8,L,2,85672525000,1457623268032,-5049150,True,-5.04915,1371950743032
657,54,9,A,0,85772527000,1457720421932,-7897250,True,-7.89725,1371947894932
658,54,10,N,1,85872529000,1457826696832,-1624350,True,-1.62435,1371954167832
658,54,10,N,1,85872529000,1457826696832,-1624350,True,-1.62435,1371954167832
659,54,11,D,5,85972531000,1457928713032,389850,True,0.38985,1371956182032
660,55,0,F,11,86072533000,1458026422132,-1903050,True,-1.90305,1371953889132
661,55,1,H,13,86172535000,1458127127832,-1199350,True,-1.19935,1371954592832
662,55,2,B,4,86272538000,1458223328732,-5001450,True,-5.00145,1371950790732
663,55,3,U,15,86372540000,1458328800432,468250,True,0.46825,1371956260432
664,55,4,R,14,86472542000,1458423303032,-5031150,True,-5.03115,1371950761032
665,55,5,G,10,86572545000,1458528690832,353650,True,0.35365,1371956145832
666,55,6,E,12,86672547000,1458624776632,-3562550,True,-3.56255,1371952229632
667,55,7,N,1,86772549000,1458731567032,3225850,True,3.22585,1371959018032
667,55,7,N,1,86772549000,1458731567032,3225850,True,3.22585,1371959018032
668,55,8,L,2,86872551000,1458823282032,-5061150,True,-5.06115,1371950731032
669,55,9,A,0,86972553000,1458927293132,-1052050,True,-1.05205,1371954740132
670,55,10,N,1,87072554000,1459024589532,-3756650,True,-3.75665,1371952035532
670,55,10,N,1,87072554000,1459024589532,-3756650,True,-3.75665,1371952035532
671,55,11,D,5,87172556000,1459129828732,1480550,True,1.48055,1371957272732
672,56,0,F,11,87272558000,1459224171532,-4178650,True,-4.17865,1371951613532
673,56,1,H,13,87372560000,1459326911332,-1440850,True,-1.44085,1371954351332
674,56,2,B,4,87472561000,1459423626532,-4726650,True,-4.72665,1371951065532
675,56,3,U,15,87572563000,1459528557832,202650,True,0.20265,1371955994832
676,56,4,R,14,87672565000,1459623668832,-4688350,True,-4.68835,1371951103832
677,56,5,G,10,87772566000,1459727148932,-1209250,True,-1.20925,1371954582932
678,56,6,E,12,87872569000,1459824536932,-3824250,True,-3.82425,1371951967932
679,56,7,N,1,87972570000,1459927691532,-670650,True,-0.67065,1371955121532
679,56,7,N,1,87972570000,1459927691532,-670650,True,-0.67065,1371955121532
680,56,8,L,2,88072572000,1460024996632,-3367550,True,-3.36755,1371952424632
681,56,9,A,0,88172574000,1460119673932,-8692250,True,-8.69225,1371947099932
682,56,10,N,1,88272575000,1460225923732,-2443450,True,-2.44345,1371953348732
682,56,10,N,1,88272575000,1460225923732,-2443450,True,-2.44345,1371953348732
683,56,11,D,5,88372577000,1460327139532,-1229650,True,-1.22965,1371954562532
684,57,0,F,11,88472580000,1460423790532,-4581650,True,-4.58165,1371951210532
685,57,1,H,13,88572581000,1460519865332,-8507850,True,-8.50785,1371947284332
686,57,2,B,4,88672582000,1460622728232,-5645950,True,-5.64595,1371950146232
687,57,3,U,15,88772584000,1460719677132,-8699050,True,-8.69905,1371947093132
688,57,4,R,14,88872585000,1460823503032,-4874150,True,-4.87415,1371950918032
689,57,5,G,10,88972587000,1460919582332,-8796850,True,-8.79685,1371946995332
690,57,6,E,12,89072588000,1461030995332,2615150,True,2.61515,1371958407332
691,57,7,N,1,89172590000,1461128420332,38150,True,0.03815,1371955830332
691,57,7,N,1,89172590000,1461128420332,38150,True,0.03815,1371955830332
692,57,8,L,2,89272593000,1461222868232,-5516950,True,-5.51695,1371950275232
693,57,9,A,0,89372596000,1461329442532,1054350,True,1.05435,1371956846532
694,57,10,N,1,89472598000,1461423440532,-4949650,True,-4.94965,1371950842532
694,57,10,N,1,89472598000,1461423440532,-4949650,True,-4.94965,1371950842532
695,57,11,D,5,89572599000,1461528398632,7450,True,0.00745,1371955799632
696,58,0,F,11,89672601000,1461623113932,-5279250,True,-5.27925,1371950512932
697,58,1,H,13,89772603000,1461728192132,-203050,True,-0.20305,1371955589132
698,58,2,B,4,89872605000,1461826227432,-2169750,True,-2.16975,1371953622432
699,58,3,U,15,89972607000,1461926866132,-1533050,True,-1.53305,1371954259132
700,58,4,R,14,90072610000,1462024989932,-3412250,True,-3.41225,1371952379932
701,58,5,G,10,90172611000,1462127169832,-1233350,True,-1.23335,1371954558832
702,58,6,E,12,90272613000,1462224160832,-4244350,True,-4.24435,1371951547832
703,58,7,N,1,90372614000,1462336173332,7767150,True,7.76715,1371963559332
703,58,7,N,1,90372614000,1462336173332,7767150,True,7.76715,1371963559332
704,58,8,L,2,90472616000,1462423542332,-4865850,True,-4.86585,1371950926332
705,58,9,A,0,90572618000,1462527823432,-586750,True,-0.58675,1371955205432
706,58,10,N,1,90672618000,1462623882132,-4528050,True,-4.52805,1371951264132
706,58,10,N,1,90672618000,1462623882132,-4528050,True,-4.52805,1371951264132
