device,vkey,scancode,e0,e1,t1_ns,keyname
131139,13,28,0,0,1376004382632,"EINGABE"
293540923,70,33,0,0,1392023917432,"F"
293540923,72,35,0,0,1392130099332,"H"
293540923,66,48,0,0,1392226814432,"B"
293540923,85,22,0,0,1392327973932,"U"
293540923,82,19,0,0,1392423179832,"R"
293540923,71,34,0,0,1392527679932,"G"
293540923,69,18,0,0,1392632129932,"E"
293540923,78,49,0,0,1392727061932,"N"
293540923,76,38,0,0,1392826951432,"L"
293540923,65,30,0,0,1392920519232,"A"
293540923,78,49,0,0,1393023894232,"N"
293540923,68,32,0,0,1393128684432,"D"
293540923,70,33,0,0,1393223853732,"F"
293540923,72,35,0,0,1393320384132,"H"
293540923,66,48,0,0,1393425226732,"B"
293540923,85,22,0,0,1393529021932,"U"
293540923,82,19,0,0,1393624146532,"R"
293540923,71,34,0,0,1393727880332,"G"
293540923,69,18,0,0,1393823581832,"E"
293540923,78,49,0,0,1393929245832,"N"
293540923,76,38,0,0,1394024250332,"L"
293540923,65,30,0,0,1394127479232,"A"
293540923,78,49,0,0,1394223635032,"N"
293540923,68,32,0,0,1394328779732,"D"
293540923,70,33,0,0,1394422974132,"F"
293540923,72,35,0,0,1394527681232,"H"
293540923,66,48,0,0,1394624869032,"B"
293540923,85,22,0,0,1394727353632,"U"
293540923,82,19,0,0,1394823238132,"R"
293540923,71,34,0,0,1394927505632,"G"
293540923,69,18,0,0,1395023473832,"E"
293540923,78,49,0,0,1395133686432,"N"
293540923,76,38,0,0,1395223596632,"L"
293540923,65,30,0,0,1395319695832,"A"
293540923,78,49,0,0,1395423515732,"N"
293540923,68,32,0,0,1395527252232,"D"
293540923,70,33,0,0,1395624701232,"F"
293540923,72,35,0,0,1395727197532,"H"
293540923,66,48,0,0,1395825145432,"B"
293540923,85,22,0,0,1395921311232,"U"
293540923,82,19,0,0,1396024747332,"R"
293540923,71,34,0,0,1396119624532,"G"
293540923,69,18,0,0,1396232110032,"E"
293540923,78,49,0,0,1396320388332,"N"
293540923,76,38,0,0,1396422985932,"L"
293540923,65,30,0,0,1396520846532,"A"
293540923,78,49,0,0,1396623877632,"N"
293540923,68,32,0,0,1396729123832,"D"
293540923,70,33,0,0,1396823224332,"F"
293540923,72,35,0,0,1396927677832,"H"
293540923,66,48,0,0,1397024798832,"B"
293540923,85,22,0,0,1397128606932,"U"
293540923,82,19,0,0,1397223056932,"R"
293540923,71,34,0,0,1397327351832,"G"
293540923,69,18,0,0,1397423118332,"E"
293540923,78,49,0,0,1397527349532,"N"
293540923,76,38,0,0,1397624847932,"L"
293540923,65,30,0,0,1397730998132,"A"
293540923,78,49,0,0,1397823285632,"N"
293540923,68,32,0,0,1397928452132,"D"
293540923,70,33,0,0,1398025647632,"F"
293540923,72,35,0,0,1398128823732,"H"
293540923,66,48,0,0,1398223916032,"B"
293540923,85,22,0,0,1398333190332,"U"
293540923,82,19,0,0,1398423216132,"R"
293540923,71,34,0,0,1398527803032,"G"
293540923,69,18,0,0,1398629835332,"E"
293540923,78,49,0,0,1398728001832,"N"
293540923,76,38,0,0,1398823694332,"L"
293540923,65,30,0,0,1398919801832,"A"
293540923,78,49,0,0,1399023847832,"N"
293540923,68,32,0,0,1399129915232,"D"
293540923,70,33,0,0,1399223987332,"F"
293540923,72,35,0,0,1399320562432,"H"
293540923,66,48,0,0,1399423848632,"B"
293540923,85,22,0,0,1399519233132,"U"
293540923,82,19,0,0,1399624320532,"R"
293540923,71,34,0,0,1399720493832,"G"
293540923,69,18,0,0,1399837057032,"E"
293540923,78,49,0,0,1399928438332,"N"
293540923,76,38,0,0,1400024645132,"L"
293540923,65,30,0,0,1400127600832,"A"
293540923,78,49,0,0,1400224090332,"N"
293540923,68,32,0,0,1400327262132,"D"
293540923,70,33,0,0,1400423309432,"F"
293540923,72,35,0,0,1400527646232,"H"
293540923,66,48,0,0,1400623075132,"B"
293540923,85,22,0,0,1400728328532,"U"
293540923,82,19,0,0,1400824969832,"R"
293540923,71,34,0,0,1400927939032,"G"
293540923,69,18,0,0,1401023714732,"E"
293540923,78,49,0,0,1401134940832,"N"
293540923,76,38,0,0,1401223507732,"L"
293540923,65,30,0,0,1401329081532,"A"
293540923,78,49,0,0,1401423302132,"N"
293540923,68,32,0,0,1401528097032,"D"
293540923,70,33,0,0,1401624027432,"F"
293540923,72,35,0,0,1401727922132,"H"
293540923,66,48,0,0,1401824190432,"B"
293540923,85,22,0,0,1401928657532,"U"
293540923,82,19,0,0,1402024950932,"R"
293540923,71,34,0,0,1402127583732,"G"
293540923,69,18,0,0,1402225326332,"E"
293540923,78,49,0,0,1402325012632,"N"
293540923,76,38,0,0,1402425064432,"L"
293540923,65,30,0,0,1402519894632,"A"
293540923,78,49,0,0,1402633432932,"N"
293540923,68,32,0,0,1402729517332,"D"
293540923,70,33,0,0,1402825650532,"F"
293540923,72,35,0,0,1402920599732,"H"
293540923,66,48,0,0,1403023461632,"B"
293540923,85,22,0,0,1403119781532,"U"
293540923,82,19,0,0,1403225468532,"R"
293540923,71,34,0,0,1403329451532,"G"
293540923,69,18,0,0,1403425404432,"E"
293540923,78,49,0,0,1403527816132,"N"
293540923,76,38,0,0,1403625161832,"L"
293540923,65,30,0,0,1403728541332,"A"
293540923,78,49,0,0,1403825068332,"N"
293540923,68,32,0,0,1403927250132,"D"
293540923,70,33,0,0,1404024795032,"F"
293540923,72,35,0,0,1404127360532,"H"
293540923,66,48,0,0,1404225562432,"B"
293540923,85,22,0,0,1404329035432,"U"
293540923,82,19,0,0,1404425390032,"R"
293540923,71,34,0,0,1404529390232,"G"
293540923,69,18,0,0,1404623959932,"E"
293540923,78,49,0,0,1404731542132,"N"
293540923,76,38,0,0,1404823092632,"L"
293540923,65,30,0,0,1404928147632,"A"
293540923,78,49,0,0,1405024956532,"N"
293540923,68,32,0,0,1405129269932,"D"
293540923,70,33,0,0,1405223454432,"F"
293540923,72,35,0,0,1405327892232,"H"
293540923,66,48,0,0,1405424854332,"B"
293540923,85,22,0,0,1405528508832,"U"
293540923,82,19,0,0,1405626071032,"R"
293540923,71,34,0,0,1405728750632,"G"
293540923,69,18,0,0,1405823362032,"E"
293540923,78,49,0,0,1405928499932,"N"
293540923,76,38,0,0,1406026249532,"L"
293540923,65,30,0,0,1406119682032,"A"
293540923,78,49,0,0,1406223955832,"N"
293540923,68,32,0,0,1406327176732,"D"
293540923,70,33,0,0,1406423964532,"F"
293540923,72,35,0,0,1406519832032,"H"
293540923,66,48,0,0,1406627070232,"B"
293540923,85,22,0,0,1406730859232,"U"
293540923,82,19,0,0,1406834669832,"R"
293540923,71,34,0,0,1406928870132,"G"
293540923,69,18,0,0,1407025768232,"E"
293540923,78,49,0,0,1407128077232,"N"
293540923,76,38,0,0,1407223184832,"L"
293540923,65,30,0,0,1407326851532,"A"
293540923,78,49,0,0,1407423111832,"N"
293540923,68,32,0,0,1407527451332,"D"
293540923,70,33,0,0,1407623165632,"F"
293540923,72,35,0,0,1407727714332,"H"
293540923,66,48,0,0,1407823439432,"B"
293540923,85,22,0,0,1407927230832,"U"
293540923,82,19,0,0,1408024406232,"R"
293540923,71,34,0,0,1408127496132,"G"
293540923,69,18,0,0,1408223070532,"E"
293540923,78,49,0,0,1408327071632,"N"
293540923,76,38,0,0,1408424066832,"L"
293540923,65,30,0,0,1408527885432,"A"
293540923,78,49,0,0,1408623982432,"N"
293540923,68,32,0,0,1408727549332,"D"
293540923,70,33,0,0,1408824570632,"F"
293540923,72,35,0,0,1408928460132,"H"
293540923,66,48,0,0,1409024317632,"B"
293540923,85,22,0,0,1409127843532,"U"
293540923,82,19,0,0,1409223689532,"R"
293540923,71,34,0,0,1409328977132,"G"
293540923,69,18,0,0,1409432113432,"E"
293540923,78,49,0,0,1409521126832,"N"
293540923,76,38,0,0,1409625381632,"L"
293540923,65,30,0,0,1409721038832,"A"
293540923,78,49,0,0,1409823328732,"N"
293540923,68,32,0,0,1409929295732,"D"
293540923,70,33,0,0,1410024197232,"F"
293540923,72,35,0,0,1410127512532,"H"
293540923,66,48,0,0,1410225889532,"B"
293540923,85,22,0,0,1410329895032,"U"
293540923,82,19,0,0,1410423216532,"R"
293540923,71,34,0,0,1410527395532,"G"
293540923,69,18,0,0,1410625173432,"E"
293540923,78,49,0,0,1410727647132,"N"
293540923,76,38,0,0,1410824493532,"L"
293540923,65,30,0,0,1410928267632,"A"
293540923,78,49,0,0,1411025020332,"N"
293540923,68,32,0,0,1411128022432,"D"
293540923,70,33,0,0,1411223674032,"F"
293540923,72,35,0,0,1411328301232,"H"
293540923,66,48,0,0,1411424161332,"B"
293540923,85,22,0,0,1411527987632,"U"
293540923,82,19,0,0,1411624435532,"R"
293540923,71,34,0,0,1411728000432,"G"
293540923,69,18,0,0,1411827700432,"E"
293540923,78,49,0,0,1411934340532,"N"
293540923,76,38,0,0,1412023635732,"L"
293540923,65,30,0,0,1412119393232,"A"
293540923,78,49,0,0,1412224818532,"N"
293540923,68,32,0,0,1412328216032,"D"
293540923,70,33,0,0,1412424416932,"F"
293540923,72,35,0,0,1412525737132,"H"
293540923,66,48,0,0,1412634886232,"B"
293540923,85,22,0,0,1412720959332,"U"
293540923,82,19,0,0,1412825079032,"R"
293540923,71,34,0,0,1412920360632,"G"
293540923,69,18,0,0,1413031934132,"E"
293540923,78,49,0,0,1413128488432,"N"
293540923,76,38,0,0,1413224132132,"L"
293540923,65,30,0,0,1413320210832,"A"
293540923,78,49,0,0,1413424913632,"N"
293540923,68,32,0,0,1413528406232,"D"
293540923,70,33,0,0,1413624978132,"F"
293540923,72,35,0,0,1413727471632,"H"
293540923,66,48,0,0,1413823126932,"B"
293540923,85,22,0,0,1413929455832,"U"
293540923,82,19,0,0,1414024383132,"R"
293540923,71,34,0,0,1414130390632,"G"
293540923,69,18,0,0,1414224735632,"E"
293540923,78,49,0,0,1414328551932,"N"
293540923,76,38,0,0,1414423402232,"L"
293540923,65,30,0,0,1414529426532,"A"
293540923,78,49,0,0,1414624272432,"N"
293540923,68,32,0,0,1414729687432,"D"
293540923,70,33,0,0,1414826606032,"F"
293540923,72,35,0,0,1414927412332,"H"
293540923,66,48,0,0,1415024810332,"B"
293540923,85,22,0,0,1415127760332,"U"
293540923,82,19,0,0,1415223820132,"R"
293540923,71,34,0,0,1415337200232,"G"
293540923,69,18,0,0,1415424060432,"E"
293540923,78,49,0,0,1415529363832,"N"
293540923,76,38,0,0,1415622989632,"L"
293540923,65,30,0,0,1415722048132,"A"
293540923,78,49,0,0,1415825925632,"N"
293540923,68,32,0,0,1415928682132,"D"
293540923,70,33,0,0,1416024902132,"F"
293540923,72,35,0,0,1416121028732,"H"
293540923,66,48,0,0,1416225749632,"B"
293540923,85,22,0,0,1416320492132,"U"
293540923,82,19,0,0,1416424206432,"R"
293540923,71,34,0,0,1416519613832,"G"
293540923,69,18,0,0,1416632540632,"E"
293540923,78,49,0,0,1416733388132,"N"
293540923,76,38,0,0,1416824690432,"L"
293540923,65,30,0,0,1416927988732,"A"
293540923,78,49,0,0,1417026542032,"N"
293540923,68,32,0,0,1417128318932,"D"
293540923,70,33,0,0,1417223386232,"F"
293540923,72,35,0,0,1417328837132,"H"
293540923,66,48,0,0,1417424228132,"B"
293540923,85,22,0,0,1417540531432,"U"
293540923,82,19,0,0,1417623517132,"R"
293540923,71,34,0,0,1417730864832,"G"
293540923,69,18,0,0,1417827454832,"E"
293540923,78,49,0,0,1417931367732,"N"
293540923,76,38,0,0,1418023707132,"L"
293540923,65,30,0,0,1418127724332,"A"
293540923,78,49,0,0,1418223760232,"N"
293540923,68,32,0,0,1418327878232,"D"
293540923,70,33,0,0,1418423529132,"F"
293540923,72,35,0,0,1418528280932,"H"
293540923,66,48,0,0,1418625468032,"B"
293540923,85,22,0,0,1418728076432,"U"
293540923,82,19,0,0,1418825987132,"R"
293540923,71,34,0,0,1418928550332,"G"
293540923,69,18,0,0,1419022958132,"E"
293540923,78,49,0,0,1419119930732,"N"
293540923,76,38,0,0,1419223731932,"L"
293540923,65,30,0,0,1419319744232,"A"
293540923,78,49,0,0,1419426511932,"N"
293540923,68,32,0,0,1419527506132,"D"
293540923,70,33,0,0,1419623439432,"F"
293540923,72,35,0,0,1419720850832,"H"
293540923,66,48,0,0,1419823462632,"B"
293540923,85,22,0,0,1419928197932,"U"
293540923,82,19,0,0,1420023656732,"R"
293540923,71,34,0,0,1420127451932,"G"
293540923,69,18,0,0,1420223975332,"E"
293540923,78,49,0,0,1420328636232,"N"
293540923,76,38,0,0,1420425382332,"L"
293540923,65,30,0,0,1420528306932,"A"
293540923,78,49,0,0,1420623569532,"N"
293540923,68,32,0,0,1420727464332,"D"
293540923,70,33,0,0,1420825169332,"F"
293540923,72,35,0,0,1420928889732,"H"
293540923,66,48,0,0,1421023588732,"B"
293540923,85,22,0,0,1421128189732,"U"
293540923,82,19,0,0,1421224083832,"R"
293540923,71,34,0,0,1421327192632,"G"
293540923,69,18,0,0,1421431785832,"E"
293540923,78,49,0,0,1421539362332,"N"
293540923,76,38,0,0,1421630498332,"L"
293540923,65,30,0,0,1421719432532,"A"
293540923,78,49,0,0,1421823960432,"N"
293540923,68,32,0,0,1421927122332,"D"
293540923,70,33,0,0,1422023553432,"F"
293540923,72,35,0,0,1422127383032,"H"
293540923,66,48,0,0,1422224875732,"B"
293540923,85,22,0,0,1422329738732,"U"
293540923,82,19,0,0,1422423464632,"R"
293540923,71,34,0,0,1422520668332,"G"
293540923,69,18,0,0,1422632004932,"E"
293540923,78,49,0,0,1422732639332,"N"
293540923,76,38,0,0,1422824089232,"L"
293540923,65,30,0,0,1422920135732,"A"
293540923,78,49,0,0,1423023637032,"N"
293540923,68,32,0,0,1423128012032,"D"
293540923,70,33,0,0,1423224276732,"F"
293540923,72,35,0,0,1423327860132,"H"
293540923,66,48,0,0,1423424757532,"B"
293540923,85,22,0,0,1423527378132,"U"
293540923,82,19,0,0,1423623970232,"R"
293540923,71,34,0,0,1423727749632,"G"
293540923,69,18,0,0,1423823742532,"E"
293540923,78,49,0,0,1423927342832,"N"
293540923,76,38,0,0,1424023874432,"L"
293540923,65,30,0,0,1424126791532,"A"
293540923,78,49,0,0,1424224575532,"N"
293540923,68,32,0,0,1424328678632,"D"
293540923,70,33,0,0,1424423587932,"F"
293540923,72,35,0,0,1424529298732,"H"
293540923,66,48,0,0,1424623186732,"B"
293540923,85,22,0,0,1424726736132,"U"
293540923,82,19,0,0,1424826421532,"R"
293540923,71,34,0,0,1424927830132,"G"
293540923,69,18,0,0,1425023424032,"E"
293540923,78,49,0,0,1425131126832,"N"
293540923,76,38,0,0,1425223150332,"L"
293540923,65,30,0,0,1425319467432,"A"
293540923,78,49,0,0,1425426104832,"N"
293540923,68,32,0,0,1425531414032,"D"
293540923,70,33,0,0,1425633805732,"F"
293540923,72,35,0,0,1425724055932,"H"
293540923,66,48,0,0,1425824343232,"B"
293540923,85,22,0,0,1425918856132,"U"
293540923,82,19,0,0,1426024397932,"R"
293540923,71,34,0,0,1426120751532,"G"
293540923,69,18,0,0,1426239512932,"E"
293540923,78,49,0,0,1426331183132,"N"
293540923,76,38,0,0,1426422970232,"L"
293540923,65,30,0,0,1426528891032,"A"
293540923,78,49,0,0,1426623222432,"N"
293540923,68,32,0,0,1426727544432,"D"
293540923,70,33,0,0,1426830275332,"F"
293540923,72,35,0,0,1426927206932,"H"
293540923,66,48,0,0,1427022815832,"B"
293540923,85,22,0,0,1427127453532,"U"
293540923,82,19,0,0,1427223582232,"R"
293540923,71,34,0,0,1427328362632,"G"
293540923,69,18,0,0,1427424088632,"E"
293540923,78,49,0,0,1427527892532,"N"
293540923,76,38,0,0,1427634775332,"L"
293540923,65,30,0,0,1427728742732,"A"
293540923,78,49,0,0,1427823043932,"N"
293540923,68,32,0,0,1427928755232,"D"
293540923,70,33,0,0,1428024002432,"F"
293540923,72,35,0,0,1428127503032,"H"
293540923,66,48,0,0,1428222905532,"B"
293540923,85,22,0,0,1428327625232,"U"
293540923,82,19,0,0,1428423976232,"R"
293540923,71,34,0,0,1428527682232,"G"
293540923,69,18,0,0,1428622784032,"E"
293540923,78,49,0,0,1428720083832,"N"
293540923,76,38,0,0,1428824209332,"L"
293540923,65,30,0,0,1428919726532,"A"
293540923,78,49,0,0,1429023649432,"N"
293540923,68,32,0,0,1429128336532,"D"
293540923,70,33,0,0,1429223197132,"F"
293540923,72,35,0,0,1429321398132,"H"
293540923,66,48,0,0,1429425147332,"B"
293540923,85,22,0,0,1429528222632,"U"
293540923,82,19,0,0,1429631377232,"R"
293540923,71,34,0,0,1429727509032,"G"
293540923,69,18,0,0,1429823816232,"E"
293540923,78,49,0,0,1429928518132,"N"
293540923,76,38,0,0,1430028336932,"L"
293540923,65,30,0,0,1430127615132,"A"
293540923,78,49,0,0,1430224435432,"N"
293540923,68,32,0,0,1430327522432,"D"
293540923,70,33,0,0,1430424429532,"F"
293540923,72,35,0,0,1430527737732,"H"
293540923,66,48,0,0,1430625392832,"B"
293540923,85,22,0,0,1430728327332,"U"
293540923,82,19,0,0,1430824313532,"R"
293540923,71,34,0,0,1430927014232,"G"
293540923,69,18,0,0,1431024018432,"E"
293540923,78,49,0,0,1431134704732,"N"
293540923,76,38,0,0,1431223517532,"L"
293540923,65,30,0,0,1431323312132,"A"
293540923,78,49,0,0,1431423312132,"N"
293540923,68,32,0,0,1431531178732,"D"
293540923,70,33,0,0,1431624803232,"F"
293540923,72,35,0,0,1431729797032,"H"
293540923,66,48,0,0,1431823108132,"B"
293540923,85,22,0,0,1431919671932,"U"
293540923,82,19,0,0,1432023430532,"R"
293540923,71,34,0,0,1432120256632,"G"
293540923,69,18,0,0,1432237946232,"E"
293540923,78,49,0,0,1432321045632,"N"
293540923,76,38,0,0,1432423016432,"L"
293540923,65,30,0,0,1432519047832,"A"
293540923,78,49,0,0,1432626256732,"N"
293540923,68,32,0,0,1432729212632,"D"
293540923,70,33,0,0,1432824255132,"F"
293540923,72,35,0,0,1432928139132,"H"
293540923,66,48,0,0,1433024555632,"B"
293540923,85,22,0,0,1433127225632,"U"
293540923,82,19,0,0,1433223187632,"R"
293540923,71,34,0,0,1433326781932,"G"
293540923,69,18,0,0,1433422959032,"E"
293540923,78,49,0,0,1433528555332,"N"
293540923,76,38,0,0,1433623069532,"L"
293540923,65,30,0,0,1433726894632,"A"
293540923,78,49,0,0,1433823886332,"N"
293540923,68,32,0,0,1433927539332,"D"
293540923,70,33,0,0,1434026640232,"F"
293540923,72,35,0,0,1434128797832,"H"
293540923,66,48,0,0,1434223567432,"B"
293540923,85,22,0,0,1434328143532,"U"
293540923,82,19,0,0,1434425343732,"R"
293540923,71,34,0,0,1434527260432,"G"
293540923,69,18,0,0,1434624892232,"E"
293540923,78,49,0,0,1434728434232,"N"
293540923,76,38,0,0,1434823196732,"L"
293540923,65,30,0,0,1434920767732,"A"
293540923,78,49,0,0,1435026941232,"N"
293540923,68,32,0,0,1435128380732,"D"
293540923,70,33,0,0,1435225071132,"F"
293540923,72,35,0,0,1435320946032,"H"
293540923,66,48,0,0,1435423788432,"B"
293540923,85,22,0,0,1435523914432,"U"
293540923,82,19,0,0,1435623326332,"R"
293540923,71,34,0,0,1435720102632,"G"
293540923,69,18,0,0,1435831775732,"E"
293540923,78,49,0,0,1435928325132,"N"
293540923,76,38,0,0,1436029619332,"L"
293540923,65,30,0,0,1436127515532,"A"
293540923,78,49,0,0,1436225417232,"N"
293540923,68,32,0,0,1436328416232,"D"
293540923,70,33,0,0,1436427633032,"F"
293540923,72,35,0,0,1436527904032,"H"
293540923,66,48,0,0,1436623704232,"B"
293540923,85,22,0,0,1436728354432,"U"
293540923,82,19,0,0,1436823379232,"R"
293540923,71,34,0,0,1436928778232,"G"
293540923,69,18,0,0,1437030297832,"E"
293540923,78,49,0,0,1437133673532,"N"
293540923,76,38,0,0,1437224270832,"L"
293540923,65,30,0,0,1437329008632,"A"
293540923,78,49,0,0,1437425562832,"N"
293540923,68,32,0,0,1437527914632,"D"
293540923,70,33,0,0,1437623440932,"F"
293540923,72,35,0,0,1437727497432,"H"
293540923,66,48,0,0,1437827795532,"B"
293540923,85,22,0,0,1437927629032,"U"
293540923,82,19,0,0,1438023646632,"R"
293540923,71,34,0,0,1438127921432,"G"
293540923,69,18,0,0,1438226361132,"E"
293540923,78,49,0,0,1438318928832,"N"
293540923,76,38,0,0,1438422782332,"L"
293540923,65,30,0,0,1438522561832,"A"
293540923,78,49,0,0,1438624512632,"N"
293540923,68,32,0,0,1438727825132,"D"
293540923,70,33,0,0,1438823675132,"F"
293540923,72,35,0,0,1438919787132,"H"
293540923,66,48,0,0,1439024724732,"B"
293540923,85,22,0,0,1439119012832,"U"
293540923,82,19,0,0,1439223051632,"R"
293540923,71,34,0,0,1439327048032,"G"
293540923,69,18,0,0,1439422907632,"E"
293540923,78,49,0,0,1439533960532,"N"
293540923,76,38,0,0,1439625234532,"L"
293540923,65,30,0,0,1439727213332,"A"
293540923,78,49,0,0,1439825919432,"N"
293540923,68,32,0,0,1439929275632,"D"
293540923,70,33,0,0,1440023760232,"F"
293540923,72,35,0,0,1440128594632,"H"
293540923,66,48,0,0,1440224889332,"B"
293540923,85,22,0,0,1440327107632,"U"
293540923,82,19,0,0,1440424227632,"R"
293540923,71,34,0,0,1440526942632,"G"
293540923,69,18,0,0,1440624803832,"E"
293540923,78,49,0,0,1440735020632,"N"
293540923,76,38,0,0,1440828594632,"L"
293540923,65,30,0,0,1440927102632,"A"
293540923,78,49,0,0,1441026234632,"N"
293540923,68,32,0,0,1441126597432,"D"
293540923,70,33,0,0,1441224496032,"F"
293540923,72,35,0,0,1441327377432,"H"
293540923,66,48,0,0,1441422694232,"B"
293540923,85,22,0,0,1441519945732,"U"
293540923,82,19,0,0,1441623528832,"R"
293540923,71,34,0,0,1441719177332,"G"
293540923,69,18,0,0,1441831318432,"E"
293540923,78,49,0,0,1441920713332,"N"
293540923,76,38,0,0,1442023955732,"L"
293540923,65,30,0,0,1442119046232,"A"
293540923,78,49,0,0,1442223256532,"N"
293540923,68,32,0,0,1442328337332,"D"
293540923,70,33,0,0,1442427581632,"F"
293540923,72,35,0,0,1442528455132,"H"
293540923,66,48,0,0,1442623797932,"B"
293540923,85,22,0,0,1442729022032,"U"
293540923,82,19,0,0,1442823049632,"R"
293540923,71,34,0,0,1442928686832,"G"
293540923,69,18,0,0,1443026074832,"E"
293540923,78,49,0,0,1443127981132,"N"
293540923,76,38,0,0,1443223522032,"L"
293540923,65,30,0,0,1443327075432,"A"
293540923,78,49,0,0,1443423471532,"N"
293540923,68,32,0,0,1443527588932,"D"
293540923,70,33,0,0,1443623625032,"F"
293540923,72,35,0,0,1443728322332,"H"
293540923,66,48,0,0,1443826793532,"B"
293540923,85,22,0,0,1443927165632,"U"
293540923,82,19,0,0,1444022901132,"R"
293540923,71,34,0,0,1444129079332,"G"
293540923,69,18,0,0,1444224562332,"E"
293540923,78,49,0,0,1444331443232,"N"
293540923,76,38,0,0,1444427072232,"L"
293540923,65,30,0,0,1444519304432,"A"
293540923,78,49,0,0,1444624555432,"N"
293540923,68,32,0,0,1444727153032,"D"
293540923,70,33,0,0,1444823711932,"F"
293540923,72,35,0,0,1444919783832,"H"
293540923,66,48,0,0,1445025041032,"B"
293540923,85,22,0,0,1445120366532,"U"
293540923,82,19,0,0,1445224678732,"R"
293540923,71,34,0,0,1445319334332,"G"
293540923,69,18,0,0,1445431526232,"E"
293540923,78,49,0,0,1445529301732,"N"
293540923,76,38,0,0,1445623065532,"L"
293540923,65,30,0,0,1445727843732,"A"
293540923,78,49,0,0,1445826381532,"N"
293540923,68,32,0,0,1445930361732,"D"
293540923,70,33,0,0,1446023593132,"F"
293540923,72,35,0,0,1446130086032,"H"
293540923,66,48,0,0,1446222505932,"B"
293540923,85,22,0,0,1446327284532,"U"
293540923,82,19,0,0,1446423959432,"R"
293540923,71,34,0,0,1446529293332,"G"
293540923,69,18,0,0,1446623630632,"E"
293540923,78,49,0,0,1446730377732,"N"
293540923,76,38,0,0,1446823749832,"L"
293540923,65,30,0,0,1446928519032,"A"
293540923,78,49,0,0,1447026538732,"N"
293540923,68,32,0,0,1447129322032,"D"
293540923,70,33,0,0,1447224214332,"F"
293540923,72,35,0,0,1447327101332,"H"
293540923,66,48,0,0,1447423384832,"B"
293540923,85,22,0,0,1447527300932,"U"
293540923,82,19,0,0,1447625509332,"R"
293540923,71,34,0,0,1447728973832,"G"
293540923,69,18,0,0,1447825879132,"E"
293540923,78,49,0,0,1447920086532,"N"
293540923,76,38,0,0,1448023604732,"L"
293540923,65,30,0,0,1448121549532,"A"
293540923,78,49,0,0,1448224948432,"N"
293540923,68,32,0,0,1448327546532,"D"
293540923,70,33,0,0,1448423514732,"F"
293540923,72,35,0,0,1448519935532,"H"
293540923,66,48,0,0,1448624118332,"B"
293540923,85,22,0,0,1448727392132,"U"
293540923,82,19,0,0,1448824763332,"R"
293540923,71,34,0,0,1448929203032,"G"
293540923,69,18,0,0,1449023063232,"E"
293540923,78,49,0,0,1449127071432,"N"
293540923,76,38,0,0,1449225236032,"L"
293540923,65,30,0,0,1449327806032,"A"
293540923,78,49,0,0,1449423351632,"N"
293540923,68,32,0,0,1449528518632,"D"
293540923,70,33,0,0,1449623889132,"F"
293540923,72,35,0,0,1449730556132,"H"
293540923,66,48,0,0,1449823895232,"B"
293540923,85,22,0,0,1449928315632,"U"
293540923,82,19,0,0,1450025559732,"R"
293540923,71,34,0,0,1450128405632,"G"
293540923,69,18,0,0,1450223140832,"E"
293540923,78,49,0,0,1450327625032,"N"
293540923,76,38,0,0,1450424391132,"L"
293540923,65,30,0,0,1450520636132,"A"
293540923,78,49,0,0,1450624686132,"N"
293540923,68,32,0,0,1450727917832,"D"
293540923,70,33,0,0,1450825941432,"F"
293540923,72,35,0,0,1450921037732,"H"
293540923,66,48,0,0,1451026307632,"B"
293540923,85,22,0,0,1451119461632,"U"
293540923,82,19,0,0,1451224454032,"R"
293540923,71,34,0,0,1451319050932,"G"
293540923,69,18,0,0,1451433174532,"E"
293540923,78,49,0,0,1451524221232,"N"
293540923,76,38,0,0,1451626860032,"L"
293540923,65,30,0,0,1451727437732,"A"
293540923,78,49,0,0,1451829139332,"N"
293540923,68,32,0,0,1451926904732,"D"
293540923,70,33,0,0,1452023804332,"F"
293540923,72,35,0,0,1452127758032,"H"
293540923,66,48,0,0,1452223361632,"B"
293540923,85,22,0,0,1452329760732,"U"
293540923,82,19,0,0,1452424724432,"R"
293540923,71,34,0,0,1452527204232,"G"
293540923,69,18,0,0,1452623254232,"E"
293540923,78,49,0,0,1452728106432,"N"
293540923,76,38,0,0,1452823401832,"L"
293540923,65,30,0,0,1452928138232,"A"
293540923,78,49,0,0,1453023106232,"N"
293540923,68,32,0,0,1453127825932,"D"
293540923,70,33,0,0,1453224736132,"F"
293540923,72,35,0,0,1453327625032,"H"
293540923,66,48,0,0,1453423819532,"B"
293540923,85,22,0,0,1453537273432,"U"
293540923,82,19,0,0,1453623169032,"R"
293540923,71,34,0,0,1453727782432,"G"
293540923,69,18,0,0,1453823023032,"E"
293540923,78,49,0,0,1453935692332,"N"
293540923,76,38,0,0,1454025599132,"L"
293540923,65,30,0,0,1454122508832,"A"
293540923,78,49,0,0,1454223858032,"N"
293540923,68,32,0,0,1454328766632,"D"
293540923,70,33,0,0,1454430254632,"F"
293540923,72,35,0,0,1454520469832,"H"
293540923,66,48,0,0,1454624657832,"B"
293540923,85,22,0,0,1454719226632,"U"
293540923,82,19,0,0,1454824558832,"R"
293540923,71,34,0,0,1454929316132,"G"
293540923,69,18,0,0,1455024221732,"E"
293540923,78,49,0,0,1455132982232,"N"
293540923,76,38,0,0,1455224682332,"L"
293540923,65,30,0,0,1455326855632,"A"
293540923,78,49,0,0,1455424446532,"N"
293540923,68,32,0,0,1455527715232,"D"
293540923,70,33,0,0,1455623150232,"F"
293540923,72,35,0,0,1455727028232,"H"
293540923,66,48,0,0,1455825906432,"B"
293540923,85,22,0,0,1455926768232,"U"
293540923,82,19,0,0,1456023317932,"R"
293540923,71,34,0,0,1456128284832,"G"
293540923,69,18,0,0,1456223197032,"E"
293540923,78,49,0,0,1456332139232,"N"
293540923,76,38,0,0,1456423652232,"L"
293540923,65,30,0,0,1456528913832,"A"
293540923,78,49,0,0,1456625297432,"N"
293540923,68,32,0,0,1456727167032,"D"
293540923,70,33,0,0,1456825925932,"F"
293540923,72,35,0,0,1456927328232,"H"
293540923,66,48,0,0,1457023458232,"B"
293540923,85,22,0,0,1457121113732,"U"
293540923,82,19,0,0,1457224294532,"R"
293540923,71,34,0,0,1457324560632,"G"
293540923,69,18,0,0,1457437031132,"E"
293540923,78,49,0,0,1457526984532,"N"
293540923,76,38,0,0,1457623268032,"L"
293540923,65,30,0,0,1457720421932,"A"
293540923,78,49,0,0,1457826696832,"N"
293540923,68,32,0,0,1457928713032,"D"
293540923,70,33,0,0,1458026422132,"F"
293540923,72,35,0,0,1458127127832,"H"
293540923,66,48,0,0,1458223328732,"B"
293540923,85,22,0,0,1458328800432,"U"
293540923,82,19,0,0,1458423303032,"R"
293540923,71,34,0,0,1458528690832,"G"
293540923,69,18,0,0,1458624776632,"E"
293540923,78,49,0,0,1458731567032,"N"
293540923,76,38,0,0,1458823282032,"L"
293540923,65,30,0,0,1458927293132,"A"
293540923,78,49,0,0,1459024589532,"N"
293540923,68,32,0,0,1459129828732,"D"
293540923,70,33,0,0,1459224171532,"F"
293540923,72,35,0,0,1459326911332,"H"
293540923,66,48,0,0,1459423626532,"B"
293540923,85,22,0,0,1459528557832,"U"
293540923,82,19,0,0,1459623668832,"R"
293540923,71,34,0,0,1459727148932,"G"
293540923,69,18,0,0,1459824536932,"E"
293540923,78,49,0,0,1459927691532,"N"
293540923,76,38,0,0,1460024996632,"L"
293540923,65,30,0,0,1460119673932,"A"
293540923,78,49,0,0,1460225923732,"N"
293540923,68,32,0,0,1460327139532,"D"
293540923,70,33,0,0,1460423790532,"F"
293540923,72,35,0,0,1460519865332,"H"
293540923,66,48,0,0,1460622728232,"B"
293540923,85,22,0,0,1460719677132,"U"
293540923,82,19,0,0,1460823503032,"R"
293540923,71,34,0,0,1460919582332,"G"
293540923,69,18,0,0,1461030995332,"E"
293540923,78,49,0,0,1461128420332,"N"
293540923,76,38,0,0,1461222868232,"L"
293540923,65,30,0,0,1461329442532,"A"
293540923,78,49,0,0,1461423440532,"N"
293540923,68,32,0,0,1461528398632,"D"
293540923,70,33,0,0,1461623113932,"F"
293540923,72,35,0,0,1461728192132,"H"
293540923,66,48,0,0,1461826227432,"B"
293540923,85,22,0,0,1461926866132,"U"
293540923,82,19,0,0,1462024989932,"R"
293540923,71,34,0,0,1462127169832,"G"
293540923,69,18,0,0,1462224160832,"E"
293540923,78,49,0,0,1462336173332,"N"
293540923,76,38,0,0,1462423542332,"L"
293540923,65,30,0,0,1462527823432,"A"
293540923,78,49,0,0,1462623882132,"N"
293540923,68,32,0,0,1462727147232,"D"
145753069,17,29,0,0,1468136502832,"STRG"
145753069,67,46,0,0,1468222530032,"C"
